Id2,totalGroup1,totalGroup2,percent_bachelorPlus,meanvalence,households_meanIncome
6037101110,1244,2319,19.4,5.863903051,68938
6037101122,304,2175,27.2,5.963173765,120490
6037101210,2434,2078,16.6,5.623311627,54481
6037101220,509,1370,19.8,5.687385643,51880
6037101300,365,3116,31,5.687330574,90933
6037101400,739,2379,27.7,5.812804255,75420
6037102103,322,1238,38.1,5.901084656,76097
6037102104,454,2092,43.9,5.859435399,90206
6037102105,1088,381,16.1,5.79375437,67755
6037102107,833,1866,28.7,5.869520332,80267
6037103101,607,1501,25.2,6.041862053,85899
6037103102,988,2460,23.3,5.813826043,82727
6037103200,1914,2815,24.1,5.94791728,65495
6037103300,299,2340,41.8,5.776625734,119199
6037103400,1149,3580,26.5,5.816455421,83546
6037104103,2287,216,12.7,5.979344983,79120
6037104105,3452,346,16.4,5.751513415,50707
6037104108,2935,187,13.5,5.840157361,50046
6037104124,1872,1163,30.3,5.776091302,87977
6037104203,3089,23,5,5.765700261,53390
6037104204,1907,357,10.5,5.807784269,61841
6037104310,3644,46,4.5,5.775798461,61990
6037104320,3955,88,7,5.782129773,54603
6037104401,2740,51,5.9,5.980282707,65966
6037104403,2263,80,11,5.722385092,53997
6037104404,1870,35,3.5,5.722627134,53976
6037104500,2356,25,3.5,5.677915858,56627
6037104610,2506,41,3.6,5.892717554,50373
6037104620,2584,35,3.5,5.909456349,56400
6037104701,2507,8,6.8,5.715044325,34563
6037104703,1380,56,12,5.886849291,46909
6037104704,2438,199,14.4,6.136376438,57089
6037104810,4255,179,5.8,5.738275082,70914
6037104821,2192,169,10.4,5.66213464,61894
6037104822,1681,51,8.2,5.911226403,54468
6037106010,1604,473,22.2,5.883899807,77531
6037106020,3962,780,16.5,5.808010144,79297
6037106111,2561,924,24.3,5.868411399,88526
6037106112,3192,887,23.2,5.882206164,81254
6037106113,1994,454,22.1,5.887201072,79339
6037106114,3642,352,15.3,5.688010101,56271
6037106403,2510,264,5.6,5.799261806,64307
6037106405,2080,399,10.4,5.845463588,52222
6037106406,2661,1082,23.2,5.889700117,79694
6037106407,1334,499,11.7,5.930472914,46823
6037106408,2419,106,9.5,5.807031291,49042
6037106510,2719,899,28.5,5.855457048,85267
6037106520,3859,675,8.3,5.730317269,69709
6037106603,400,1541,54,5.805882884,110498
6037106604,2868,415,12.2,5.844219054,63183
6037106641,188,1179,58.6,5.936354326,142582
6037106642,681,1694,35.3,5.804299019,115026
6037106643,428,2293,54.8,5.891875787,154009
6037106645,263,2053,58.4,5.915667179,121351
6037106646,982,1561,30.6,5.797595604,97790
6037106648,2752,95,7.6,5.76268759,54831
6037106649,1218,256,30.9,5.93265073,92970
6037107010,2372,114,8.9,5.81120496,64751
6037107020,3886,215,16.8,5.877179411,86543
6037108101,318,1226,53,5.901752023,146470
6037108102,274,1762,58.8,5.819565179,107021
6037108103,290,1838,67.1,5.856912225,159004
6037108104,131,1014,62.7,5.972399724,130847
6037108201,271,1835,61.1,5.910561691,135782
6037108202,623,2027,52.5,5.985172837,134893
6037109100,1265,678,19.1,5.874221213,85316
6037109200,724,992,36.6,5.718798251,95132
6037109300,1254,851,26.7,5.803502254,88408
6037109400,2193,457,17.1,5.742775821,72691
6037109500,3178,203,11.5,5.849729363,60941
6037109601,2751,656,21.3,5.738122612,83168
6037109603,2245,817,19.8,5.785257051,66690
6037109604,1758,529,16,5.755370547,70897
6037109700,1672,1265,29,5.839894279,85913
6037109800,2263,1213,22,6.027395849,95759
6037111100,926,1129,28,5.782066161,95180
6037111201,833,1557,35.7,5.807704398,93372
6037111202,1240,2187,35.9,5.896026475,83723
6037111204,733,3114,57.5,5.84637223,147513
6037111205,734,980,41,5.730252408,89954
6037111206,705,2211,47.7,5.900651917,124534
6037111301,2365,2543,30.1,5.758949548,63281
6037111302,869,2345,45.4,5.794357597,86827
6037111400,2287,2444,32.9,5.748264632,86256
6037113101,595,2059,45.8,5.858726465,115659
6037113102,344,1719,49,5.7717872,154307
6037113211,439,2174,48.7,5.810290041,129217
6037113212,644,1362,46.4,5.820263784,94169
6037113213,1064,1907,35.2,5.692609548,90011
6037113231,224,1197,47.2,6.004005539,104828
6037113232,621,2185,39.4,5.937159505,122302
6037113233,3626,1377,14.8,5.7155529,49497
6037113234,1548,997,22.3,5.777561876,58009
6037113235,252,981,29,5.819717688,73193
6037113237,861,1904,36.1,5.794160314,125856
6037113301,441,1245,43.4,5.828624375,103602
6037113303,1010,1735,31.5,5.8680424,98305
6037113321,1450,1628,39.7,5.810785766,60850
6037113322,615,2129,42.5,5.738191689,110754
6037113401,1925,1772,30.8,5.911417309,81042
6037113421,2736,1387,16.5,5.70097015,64640
6037113422,2375,1500,26.9,5.684454894,72987
6037115101,783,2678,49.5,5.82250279,142894
6037115103,1109,1052,47.1,5.802021671,81828
6037115104,1096,1231,50.1,5.809748297,69928
6037115201,1744,2624,38,5.906527794,60228
6037115202,981,2013,38.6,5.871357249,67820
6037115301,605,1957,45.4,5.900684002,81417
6037115302,2242,481,15.6,5.762304637,64707
6037115401,1870,1882,31.3,5.748253071,76154
6037115403,1395,699,24,5.894074759,58970
6037115404,1126,635,22.5,5.850511198,70814
6037117101,2026,343,32.8,5.998172118,87450
6037117102,1339,599,21.1,5.869394968,79814
6037117201,2211,696,20.6,5.804415987,56866
6037117202,688,655,32,5.832721402,103592
6037117301,920,1467,39.3,5.805783302,93622
6037117302,826,2018,41.2,5.841017064,104346
6037117303,1295,1207,24.8,5.857135106,88645
6037117404,1604,1335,24,5.916467023,84607
6037117405,2518,143,7.6,5.820523285,40899
6037117407,2462,48,2.5,5.939776076,31796
6037117408,1875,147,8.8,5.851884053,41860
6037117510,2420,154,4.5,5.827603121,46618
6037117520,2375,128,11,5.663219857,49504
6037117530,3553,252,14.2,5.867535164,49909
6037119001,2076,361,19.3,6.051725469,77024
6037119002,4616,491,9.7,5.871885444,71405
6037119201,2695,203,13.1,6.010740325,74401
6037119202,2724,352,7.8,5.574746793,61413
6037119310,2033,566,15.2,6.006862683,54579
6037119320,2352,131,16.7,5.755883339,52814
6037119340,2401,35,7.1,5.599886358,36401
6037119341,1212,271,22.9,5.552025974,55895
6037119342,1979,52,9.4,5.817186589,50275
6037119400,3848,314,10.5,5.717064995,79932
6037119700,1654,964,30.2,5.816822037,83065
6037119800,4221,384,14.1,5.854631407,78519
6037119900,2700,473,17.3,5.734530467,72998
6037120103,1951,35,5,5.609668089,30347
6037120104,1289,179,16.4,5.71116179,43756
6037120105,1586,196,13.7,5.832621842,42067
6037120106,2601,94,10.4,5.837030125,37108
6037120107,2368,85,5.1,5.868200877,37589
6037120108,3234,259,9.9,5.817959984,44769
6037120300,2482,984,20.7,5.848277331,69603
6037120400,3161,944,21,5.785207758,50696
6037121010,2001,1019,22.4,5.780610251,61492
6037121020,1641,916,20,5.609341029,72121
6037121101,1456,613,17.4,5.650773619,58797
6037121102,1115,831,23.2,5.768373475,80611
6037121210,1820,285,18.5,5.756098948,64551
6037121221,1538,195,11.7,5.876588791,67634
6037121222,3053,231,5.6,5.797049412,54049
6037121600,822,913,28.2,5.952009566,94600
6037121801,1650,525,14.5,5.860474485,38347
6037121802,1663,755,13,5.747297293,62193
6037121900,2823,607,13,5.786473131,59309
6037122000,2325,2195,21,5.842376342,73858
6037122120,3209,439,10.5,5.814443008,65714
6037122121,1711,191,13,5.807924758,52485
6037122122,1505,238,4.5,5.845871869,42826
6037122200,2728,334,7.7,5.749590299,65357
6037122410,2171,471,10.5,5.786828368,35448
6037122420,2735,481,17.5,5.939708963,54194
6037123010,2761,346,7.3,5.907131638,49239
6037123020,2477,229,10.2,6.009939683,65918
6037123103,1849,962,27.1,5.772383816,52986
6037123104,2522,667,16.5,5.759440071,54457
6037123203,2040,462,5.8,5.886989264,40221
6037123204,1806,535,11.5,5.81337901,45332
6037123205,1593,310,12.7,5.727453796,51608
6037123206,1876,283,9.8,5.82474468,45625
6037123301,1447,1125,28.7,5.865496976,66704
6037123303,1371,946,21,5.885139803,50999
6037123304,1529,1844,31,5.833314159,45367
6037123410,1748,1312,21.8,5.810338145,53725
6037123420,1802,1255,19.9,5.883168281,55449
6037123510,1663,1740,20.6,5.838233659,57641
6037123520,938,751,35,5.731501129,51670
6037123601,1761,2586,29.4,5.819056333,68641
6037123602,1081,1609,32.6,5.939660941,66655
6037123700,380,2407,33.8,5.770531497,67444
6037123800,1117,2604,32.3,5.774266099,62898
6037123901,1761,1411,23.9,5.872067197,62063
6037123902,582,1245,45.6,5.793990137,80402
6037124000,613,2937,62,5.99169801,108814
6037124102,1254,1207,39.8,5.728472654,63648
6037124103,1238,202,14.4,5.896868451,54754
6037124104,1210,680,22.9,5.796892388,46811
6037124105,1209,725,25.9,5.84047332,50554
6037124201,1545,827,20.3,5.788607857,66697
6037124203,1564,481,9.8,5.968485353,51936
6037124204,1158,738,19.6,6.0169064,45021
6037124300,1888,850,14.5,5.850269337,52324
6037124400,660,2389,43.1,5.831059851,84105
6037124500,662,1635,41.7,5.983355086,94183
6037124600,367,1911,50.6,5.908750295,97375
6037124700,701,2967,51.6,5.949210842,98796
6037124902,716,1391,38.2,5.856314182,57417
6037124903,695,1975,38.4,6.024688621,51287
6037125100,1114,3017,46,5.936765432,93546
6037125200,1122,1485,41.3,5.942158948,78150
6037125310,1594,1583,35.8,5.857651218,57588
6037125320,1596,2635,41.3,5.840457949,54322
6037125401,809,1536,47.5,5.87334685,66524
6037125402,858,2088,52.7,5.867568484,81298
6037125501,840,1576,41.2,5.882202557,68682
6037125502,559,1845,44.7,5.929683051,56857
6037125600,223,1565,54.6,6.035026237,98402
6037127102,2315,1223,19,5.769713193,55452
6037127103,1545,576,22.1,5.922960642,52654
6037127104,1748,955,20.4,5.756059815,63233
6037127210,2417,1114,22.1,5.893422683,58017
6037127220,2536,638,17.6,5.759427634,40504
6037127300,1663,1162,27.3,5.81215063,54590
6037127400,3268,844,11.8,5.743325147,46694
6037127520,2236,107,12.6,5.9620635,35435
6037127603,1750,298,13.5,5.708808183,51167
6037127604,909,660,30.6,5.841710258,38890
6037127605,2167,364,16.4,5.82268112,64852
6037127606,1855,633,21,5.827151046,70172
6037127711,1332,1061,34.2,6.042800111,102303
6037127712,1419,839,21,5.791503712,46298
6037127803,1860,829,16.7,5.870173358,52668
6037127804,1463,1144,27.7,5.699343691,51672
6037127805,2029,687,19.2,5.892434573,56489
6037127806,1660,716,20.3,5.719826021,41254
6037127910,2385,987,14.4,5.81166479,43842
6037127920,1568,1225,17.2,6.010534734,63404
6037128101,1296,1151,27.8,5.582136191,73057
6037128102,2446,677,10.3,5.933592699,45075
6037128210,3276,354,10,5.685013777,38278
6037128220,1039,968,32.4,5.962902266,67346
6037128302,3031,696,15.2,5.731984442,47438
6037128303,1975,226,7.4,5.809521986,33477
6037128400,983,1949,42.4,5.712260953,80305
6037128500,723,2305,48.1,5.851448646,74402
6037128601,1606,1487,27.7,5.847177364,56305
6037128602,373,1947,45.7,5.993434664,97644
6037128702,693,3292,48.1,5.832188572,109513
6037128801,506,1779,54.6,5.986279413,78361
6037128802,760,2649,59.1,5.893059742,96037
6037128910,235,2584,54.9,5.754280969,103408
6037131010,2834,1089,18.1,5.764929631,54540
6037131020,2887,876,18.1,5.783286936,63285
6037131100,942,1273,30.5,5.840389076,84096
6037131200,992,987,30.4,5.703498103,87662
6037131300,2394,1158,14.9,5.8437599,68800
6037131400,1986,1569,28.5,5.862752741,70796
6037131600,2094,1526,24.7,5.799849827,85715
6037131701,1280,1103,27.4,5.941002638,56154
6037131702,1424,826,20.3,5.801717463,59470
6037131800,2836,1360,20.4,5.761832767,64881
6037131900,1793,1324,24.7,5.796355847,73788
6037132001,748,1427,26.9,5.914716647,87409
6037132002,934,1566,25.3,5.774998794,82508
6037132101,1562,1157,29.1,5.6952768,77586
6037132102,1771,1729,27.7,5.804880875,67360
6037132300,3267,1508,22.9,5.823057835,57255
6037132501,1734,1277,15.3,5.864575821,61148
6037132502,1375,1113,18.4,5.885878614,54104
6037132700,2592,1432,17.7,5.695025273,61510
6037132900,887,2062,31.6,5.85824785,95030
6037133000,1904,1236,17.4,5.781645724,79477
6037133100,1933,2491,31.5,5.794838057,72432
6037134001,2478,215,12.1,5.724838965,50008
6037134002,1892,727,17.3,5.46679287,87316
6037134101,2220,1112,21.6,5.85189814,78027
6037134103,1693,1119,19.6,5.757423165,75227
6037134104,1175,760,25.3,5.829830994,81702
6037134201,1608,1209,20,5.778321949,98823
6037134302,774,1954,28.9,5.843299199,87013
6037134303,2372,2226,25.4,5.834480834,92186
6037134304,738,1054,27.2,5.770020199,80704
6037134305,2849,314,7.8,5.885465621,44117
6037134306,942,1192,25.9,5.960638145,62677
6037134421,287,2286,47.6,5.795783439,120006
6037134422,366,2839,42.6,5.80157473,110761
6037134423,305,1950,54.2,5.946462719,105323
6037134424,143,1648,66.4,5.836082926,160645
6037134520,3057,498,14.3,5.852244042,46257
6037134521,1951,121,3.5,5.720241391,47523
6037134522,1990,487,19.8,5.897879272,44075
6037134710,3431,738,15.7,5.850737519,50880
6037134720,1933,1111,24.4,5.782255943,59763
6037134800,2708,1528,22.5,5.868511044,72266
6037134901,769,1679,37.1,5.814150794,93874
6037134903,1965,1249,39.2,5.799741482,59907
6037134904,2090,1162,24.1,5.792541742,67590
6037134905,411,2050,60.7,5.834112087,113190
6037135102,468,2272,45.1,5.844679324,100538
6037135111,491,1241,47.9,5.833748552,93361
6037135113,212,1262,53.9,5.862609819,85786
6037135114,428,2220,68.8,5.854745952,82313
6037135201,293,1503,43.1,5.824686303,105545
6037135202,492,2548,37.3,5.781463615,118274
6037135203,973,4075,41.1,5.872575171,100429
6037137103,576,2501,53.7,5.819231424,85077
6037137104,247,1812,48.5,5.80724164,121009
6037137201,597,2790,47.2,5.776002212,84761
6037137301,174,1284,49,5.779025372,147122
6037137302,208,3155,55.8,5.813459848,124018
6037137401,321,2459,52,5.81168614,133062
6037137402,648,3329,42.1,5.867295033,110957
6037137501,636,2202,55.1,5.81889342,98931
6037137502,454,2512,56.2,5.807344357,105583
6037137504,52,1690,57.7,5.848595302,224484
6037138000,311,3274,53,5.862419674,135107
6037139001,746,2593,54.5,5.838864547,95314
6037139200,1164,2752,42.2,5.963745651,82089
6037139301,653,2908,42.3,5.823717622,109360
6037139302,1190,1872,34.8,5.672760953,54105
6037139303,813,2155,32.7,5.833324046,54535
6037139401,1066,1142,34.7,5.842301052,78413
6037139402,73,1947,53,5.8571573,158955
6037139502,305,1891,61.2,5.804686746,85773
6037139503,430,3638,48,5.946024162,60424
6037139504,239,2470,41,6.070606245,51270
6037139600,307,3290,59.5,5.917884615,146662
6037139701,207,3555,62.2,5.915207737,172557
6037139702,209,4263,63.7,5.829827027,223702
6037139703,121,1896,58.3,5.625753749,172880
6037139801,214,2430,62.9,5.831373854,198290
6037139802,177,2741,62.6,5.836491398,214394
6037141101,547,2913,63.1,6.013492773,96254
6037141102,205,1853,62.4,5.996448726,151585
6037141201,759,2147,54.5,5.903109028,85421
6037141202,191,1959,66.4,5.894751574,127105
6037141302,645,3504,60.3,5.979409195,98243
6037141303,172,2159,57.9,5.922096452,88116
6037141304,237,1935,59.9,5.865283337,104381
6037141400,217,3227,56.9,5.855330247,135195
6037141500,140,2074,68.6,5.875680725,267138
6037141600,216,2887,69.8,5.750189457,261485
6037141700,152,2104,61.4,5.962696214,262822
6037143100,433,2951,56.7,5.904927993,129529
6037143200,621,2118,59.1,6.107420384,80444
6037143300,915,3911,50.3,5.952326078,116013
6037143400,567,4197,55.2,5.940705847,117418
6037143500,373,2919,64.1,6.007982929,109081
6037143602,280,3063,60.9,5.8661214,107784
6037143603,212,1455,63.7,5.843351845,88211
6037143604,363,1948,64,5.91736593,74166
6037143700,151,2509,65.5,5.927826776,200335
6037143800,562,3348,64.7,5.963523216,169954
6037143901,155,2851,65.6,5.995181544,223269
6037143902,213,2032,69,5.899310367,181599
6037181000,1897,2035,49.2,5.902745987,113155
6037181300,1095,1229,53.3,5.817905247,98754
6037181400,1545,1117,38.7,5.959754059,76608
6037181500,1530,1042,37.4,5.981434904,108903
6037181600,1516,1297,37.8,5.713576462,85598
6037183101,2026,550,33.3,5.834533204,80726
6037183103,2414,334,17.9,5.774019689,61858
6037183104,1034,366,34.1,6.003439374,77297
6037183220,2480,308,17.4,5.821620785,62149
6037183221,1575,709,31.7,5.845296606,78643
6037183222,1379,900,37.4,5.759317767,88952
6037183300,1689,449,23,5.94254149,67432
6037183401,1340,311,25.4,5.717016516,71927
6037183402,1119,563,34.4,5.812119907,75186
6037183510,1492,373,21.3,5.67776191,70018
6037183520,2302,355,19,5.641070193,57946
6037183610,2246,309,13.7,5.848962015,53571
6037183620,1779,434,20.9,5.903331269,62384
6037183701,2678,256,19.6,5.743593972,54547
6037183702,1544,462,32.9,5.720496568,72912
6037183810,2658,365,21,5.865641057,47686
6037183820,2546,125,8.5,5.790085526,39970
6037185100,2723,1749,41.8,5.885087434,89281
6037185202,2012,841,33.8,5.858314172,98058
6037185203,2262,217,16.8,5.836793651,51823
6037185204,567,441,47.3,5.597520563,133756
6037185310,2068,204,6.7,5.99696627,53077
6037185320,2090,107,7.9,6.051222081,38919
6037186100,1148,1200,44.9,5.909680576,81762
6037186201,1000,441,42.2,6.038469964,49494
6037186202,502,354,39.4,6.114673084,83588
6037186203,898,1033,46.7,5.560731839,104704
6037186301,1789,396,17.2,5.793482108,55302
6037186302,1834,1057,34.1,5.766446699,88317
6037186401,2262,155,16.1,5.77352977,49505
6037186403,1782,152,14.9,5.686456784,61440
6037186404,1605,207,19.4,5.742300014,58187
6037187101,707,939,36,6.06247287,74280
6037187102,1642,609,30.3,5.820442407,62226
6037187200,1748,228,18.4,5.906945028,47801
6037187300,540,1569,58.8,5.899753641,123342
6037188100,1883,856,35.7,5.857235108,69576
6037188201,437,2055,61.8,5.950636256,79498
6037188202,220,1362,61.1,6.036547207,154735
6037188300,1017,1060,44.2,6.054336608,86728
6037189101,382,1673,55.6,6.017768483,69586
6037189102,524,1874,71.8,6.013185423,111345
6037189201,368,2266,56.6,5.947224906,52079
6037189202,185,1780,66.3,6.260395806,129859
6037189300,154,1878,70.5,6.150775222,229328
6037189400,121,2604,69.8,5.891115113,150208
6037189500,510,2893,67.9,5.933810959,65471
6037189600,645,2082,65.2,5.899244434,107986
6037189701,398,2370,64,5.953363763,141799
6037189702,83,1419,71.4,5.928190699,128018
6037189800,714,2316,60.1,6.000297585,101445
6037189902,840,3500,60.3,5.926225067,75567
6037189903,203,1373,48.8,6.058329621,73041
6037189904,137,1803,59.4,6.000404385,50397
6037189905,217,1672,51.7,5.965897725,65728
6037190100,730,3067,50.6,5.962570369,54220
6037190201,623,1650,31.3,5.847658309,36608
6037190202,551,1732,52.9,6.022512098,39492
6037190301,1238,2959,35.9,5.815913727,45412
6037190401,484,2015,49.8,5.919585954,52940
6037190402,380,1378,39.5,6.000453272,42769
6037190510,1752,1504,32,5.86980348,42948
6037190520,1334,1415,26.9,6.023317359,39798
6037190700,1325,1529,42.4,5.947980587,49316
6037190801,902,868,32.5,5.972801373,46259
6037190802,1188,904,36,5.996829537,41644
6037190901,2534,560,23.1,5.787288859,43598
6037190902,1880,1118,18.5,6.038523294,42197
6037191000,1415,1344,46.8,5.960650397,65595
6037191110,906,1857,24.3,5.806545296,36890
6037191120,1966,1255,16.6,5.899952396,36912
6037191201,1402,2032,23.9,5.870375541,44106
6037191203,852,715,23.9,6.038889347,36972
6037191204,789,681,27,6.034363938,45460
6037191301,1192,449,36.7,5.982614057,52747
6037191302,839,551,31.7,5.950240236,48005
6037191410,2576,440,21.5,5.85301727,37017
6037191420,1731,520,21.7,5.813731798,48686
6037191500,2549,983,25.4,5.766686165,50353
6037191610,2312,683,27.8,5.868805672,55457
6037191620,1697,382,16.1,5.863501218,36397
6037191710,1628,583,21.1,5.867982602,40522
6037191720,2219,492,14.6,5.808535402,44106
6037191810,1598,775,23.5,5.847002529,46673
6037191820,849,1151,40.2,5.828373187,67422
6037191901,951,1904,42.4,5.879336053,61059
6037191902,431,1773,65,6.038786323,133380
6037192001,238,1552,56.3,5.939714622,80494
6037192002,255,1808,61.1,5.858404835,116822
6037192300,340,1574,75.9,5.978890974,140872
6037192410,926,1432,59.2,5.890326716,93750
6037192420,1423,441,31.1,5.961827379,65050
6037192510,1569,187,30.5,5.795551954,60183
6037192520,2801,316,24.7,5.705376554,42675
6037192610,2686,407,13.4,5.800516108,38356
6037192620,1715,277,23.9,5.889118374,41082
6037192700,1905,382,25,5.807305507,49383
6037194101,305,2168,66.9,6.004406076,131502
6037194102,139,2728,66.4,5.727998935,185672
6037194200,199,2554,65.9,5.943670032,251294
6037194300,427,2594,60.6,5.906200235,271533
6037194401,371,1631,55.9,5.895689904,97530
6037194402,230,2386,69.8,5.950075904,116736
6037194500,64,1383,56.6,6.054663466,146498
6037195100,557,2729,67.4,6.074641765,167838
6037195201,458,1596,63.1,5.802283357,97406
6037195202,282,2148,65.4,5.819677834,134191
6037195300,1122,1628,57.1,5.862814728,80268
6037195400,705,2635,66.1,6.039490587,124370
6037195500,1653,1709,47.2,5.834145171,87367
6037195600,1532,736,40.7,5.904156764,69718
6037195710,2671,632,21.4,5.901024312,58119
6037195720,1206,431,31.8,5.825033653,53712
6037195802,1308,270,22.4,5.902671617,52930
6037195803,1092,866,41.8,6.095672561,97683
6037195804,1141,492,33.3,6.086914203,58672
6037195901,797,1048,51.8,6.034372668,59048
6037195902,464,1067,57.7,6.010618303,76536
6037195903,632,725,38.2,5.934422709,81490
6037197200,1949,284,18.1,5.93498955,62467
6037197300,1534,1329,38.4,5.890245612,69910
6037197410,1014,2019,58.8,5.934018364,101893
6037197420,1586,775,36.5,5.767584789,65130
6037197500,1728,971,41,5.948862372,76608
6037197600,784,520,36.7,5.95540886,68252
6037197700,1164,764,31.8,5.752975016,52030
6037199000,2908,197,13.4,5.91191342,51634
6037199110,1709,182,12,5.78701675,54824
6037199120,2491,96,13.6,5.964922609,45349
6037199201,2027,72,9.7,5.876907843,42534
6037199202,1868,216,19,5.762854185,50650
6037199300,1829,660,27.1,5.901450409,78250
6037199400,2519,177,13,5.798341473,53706
6037199700,1762,329,20,5.880355541,42761
6037199800,2436,45,6.7,5.917665679,39656
6037199900,1524,29,11.4,6.058588798,37418
6037201110,1626,203,14.4,5.677442973,58025
6037201120,2604,205,14.3,5.716821471,52385
6037201200,1835,58,9.1,5.492226869,53018
6037201301,2168,223,19.9,5.69892142,61424
6037201302,982,740,52.6,5.840837816,72111
6037201401,3274,249,18.7,5.750474102,59590
6037201402,2888,373,14.7,5.756318834,67247
6037201501,3664,353,10.5,5.846250718,53846
6037201503,2309,137,9.1,5.683624805,43236
6037201504,1307,120,14.3,5.597109582,52946
6037201601,1341,117,13.6,5.803296171,60845
6037201602,1814,198,13,5.70734599,70345
6037201700,3203,796,23.2,5.793011376,67443
6037203100,3345,38,4,5.739024278,35116
6037203200,3637,39,7.1,5.680704195,46895
6037203300,1123,70,14.7,6.008934993,42510
6037203500,1946,153,15.5,5.829987381,46203
6037203600,3535,49,8.3,5.77915506,41698
6037203710,2471,18,9.4,5.720773237,42720
6037203720,3099,31,3.1,5.647357387,31535
6037203800,3541,97,6.5,5.731052474,50611
6037203900,2227,58,8.1,5.812224106,55747
6037204110,2420,6,2.8,5.64197865,39287
6037204120,2206,26,7,5.5815125,46161
6037204200,2284,93,5.4,5.873161023,41526
6037204300,3689,108,7.8,5.834981414,35812
6037204410,1542,4,5.4,5.807329082,37009
6037204420,1808,86,4.5,5.984094934,30968
6037204600,3332,74,8.7,5.800666083,46380
6037204700,3596,187,9.1,5.600256594,50027
6037204810,3565,62,7,5.68852409,43291
6037204820,1843,22,6,5.809568417,53553
6037204910,2183,139,8.5,5.792486081,44197
6037204920,1950,58,7,5.77961223,45246
6037205110,2510,41,3.8,5.726131922,40385
6037205120,2367,26,4.3,5.860000053,34050
6037206010,1241,106,14.1,5.898280103,31371
6037206020,2946,1607,6.6,5.899871104,87066
6037206031,198,1281,66.5,5.932400715,105357
6037206032,2931,262,12.6,5.706539898,39651
6037206050,1456,160,15.4,5.775950033,29242
6037206200,670,406,30.1,6.113957508,35017
6037206300,1084,1170,8.1,5.980248595,11445
6037207101,417,643,36.6,5.920255638,48336
6037207102,175,30,12.3,5.983794334,29486
6037207103,142,125,12,5.985135735,31479
6037207301,863,2036,50.4,6.029985923,66156
6037207302,630,1724,55.1,5.940853706,58379
6037207400,607,143,12.2,6.114082394,9040
6037207501,226,811,75.9,5.926601187,77005
6037207502,179,565,49.2,6.141268061,56763
6037207710,422,1423,61.4,6.018772932,82873
6037207900,758,1135,73,5.922410015,98685
6037208000,3701,433,27.9,5.817041888,50538
6037208301,1620,31,6.6,5.61039334,49859
6037208302,2505,233,15.9,5.831334308,38556
6037208401,2481,75,15.1,5.537042536,32829
6037208402,1660,99,22.5,5.964046536,51501
6037208501,945,90,28.9,5.941717077,63715
6037208502,1803,271,13.7,5.664391683,35815
6037208610,1345,96,28.9,5.976554157,43885
6037208620,1703,272,31.1,5.849137604,46982
6037208710,1055,309,37.5,5.80477844,62320
6037208720,2694,196,16.9,5.980752394,31159
6037208801,1593,210,14.5,6.017264453,31069
6037208802,1400,315,28.6,5.836370825,37450
6037208902,1910,15,6.5,5.665884096,35421
6037208903,2563,245,11.4,5.638810875,31712
6037208904,2193,77,4.8,5.707435006,21707
6037209102,2917,143,12.7,5.945019881,26589
6037209103,2641,23,5.5,5.665584599,27435
6037209104,1424,196,11.5,5.85599233,25942
6037209200,966,791,47.3,5.958707321,64335
6037209300,2149,526,16.9,5.77549894,37919
6037209401,2066,200,11.2,5.716938677,27195
6037209402,2713,124,6.7,5.887406373,28317
6037209403,1761,253,14.9,5.926059051,33997
6037209510,1390,117,17.3,5.645952294,35480
6037209520,1626,38,9.9,5.806190633,30728
6037209810,1589,243,11.6,5.852890645,32935
6037209820,1862,16,8.8,5.809942525,31881
6037211000,178,2107,70.2,5.981464264,226258
6037211120,1011,541,37.8,5.784774461,48020
6037211121,775,280,36.8,6.260367063,55800
6037211122,1063,476,39.4,5.999743474,49961
6037211201,1922,170,18.4,5.732057437,46645
6037211202,1336,223,26.7,5.730749427,40687
6037211310,2318,83,17.7,5.682965802,36195
6037211320,1697,219,24.8,5.86880343,43164
6037211410,759,203,26.3,6.093345831,45017
6037211420,1228,372,33.2,5.847166229,53920
6037211500,673,1216,47.8,5.907677311,124641
6037211701,89,651,64.2,5.92072897,179339
6037211703,1813,429,31.7,5.717088829,45921
6037211704,585,441,41.1,6.049256819,39391
6037211802,1075,493,39.5,5.935340515,52313
6037211803,507,205,39.2,5.797866082,45711
6037211804,351,275,40.1,5.89239937,52194
6037211910,2531,296,16.9,5.815920713,43536
6037211921,711,110,42.2,5.878408568,42935
6037211922,1593,162,29.4,5.706970059,48648
6037212101,579,250,36,5.933304023,57228
6037212102,647,300,31.7,5.925170117,30739
6037212202,2307,106,11.7,5.735918996,37542
6037212203,1832,44,9,5.661100327,24099
6037212204,2127,121,13.4,5.721996985,31360
6037212303,1660,193,15.2,5.936862513,36619
6037212304,1022,228,24.8,5.809777624,32126
6037212305,1762,107,14.3,5.891053131,36905
6037212306,835,81,30,5.838964434,40675
6037212410,1432,350,28.1,5.906481782,47103
6037212420,1456,69,18,5.926127448,40095
6037212501,804,365,37.1,6.041877097,46343
6037212502,843,382,41.2,5.879730088,58747
6037212610,726,375,38,5.882476768,51992
6037212620,1750,135,27.2,5.903216872,38209
6037212701,668,273,35.2,5.907290581,63322
6037212702,227,734,56.6,6.063472495,103683
6037212800,1667,546,35.3,5.832515873,71581
6037212900,2401,259,21.1,5.655619605,50657
6037213100,814,238,36.2,5.808780236,76486
6037213201,1635,133,27.5,5.944958256,34972
6037213202,1848,85,15.9,5.711128108,38769
6037213310,2237,19,11.8,5.792101192,45946
6037213320,1045,61,17.9,5.808335767,31452
6037213401,3499,52,13.2,5.670253714,36001
6037213402,2532,122,16.4,5.745792974,38757
6037214000,86,2435,53.1,6.052389268,142574
6037214100,168,2999,57.3,5.816033221,144086
6037214400,381,1994,64,5.909777716,79373
6037214501,96,1643,66.3,5.998873713,105461
6037214502,616,2703,74.4,5.955037867,89627
6037214503,130,1407,64.4,6.025980548,95659
6037214600,241,1766,61.6,5.954339278,125931
6037214700,237,1808,65.6,5.806089153,133796
6037214800,235,2068,63.9,6.041822432,129625
6037214901,179,2157,70.7,6.072663873,85688
6037214902,157,1731,67.9,5.940024305,95952
6037215101,345,1606,68.2,6.023416266,62997
6037215102,349,1781,62.4,5.893262552,64240
6037216100,198,1001,68.9,5.899172916,169450
6037216200,656,1600,67.1,5.780790179,135657
6037216300,384,2726,67.6,6.113940358,131717
6037216401,348,3013,65.1,5.909940161,87888
6037216402,250,2062,60.7,5.809540195,96205
6037216700,704,1115,44.9,5.849663001,86222
6037216800,485,1726,68.1,5.814803763,118576
6037216900,1213,1687,51.6,5.923262105,84201
6037217001,73,1706,54.3,5.975237205,112588
6037217002,661,2746,53.2,5.889680485,85692
6037217100,1379,1244,39.9,5.800013598,81820
6037217200,1074,769,47.4,5.862969655,93005
6037218110,1389,100,23,5.910077082,64543
6037218120,2801,112,16.9,5.771621486,46256
6037218210,2172,244,9.3,5.693763793,43979
6037218220,1865,373,24.2,5.934593772,71844
6037218300,2134,482,19,5.723313372,46374
6037218400,2074,144,17.7,6.014968282,38911
6037218500,1166,80,15.6,5.889867912,50986
6037218600,1526,91,18.7,5.797353469,51500
6037218701,656,122,31.3,5.896574249,65914
6037218702,772,46,14.4,5.725760687,44667
6037218800,1188,101,13.6,5.92470047,53308
6037218900,2108,402,20.6,5.89521214,43342
6037219010,1238,117,11,5.815704966,52989
6037219020,1998,99,11.2,5.629797304,47935
6037219300,1814,98,13,5.858131294,40554
6037219500,376,56,34.9,5.781215755,75179
6037219700,2278,202,22.1,5.850529993,59104
6037219800,1642,60,5.7,5.773356736,37872
6037219901,2570,140,10.9,5.723528968,34931
6037219902,2282,224,14,5.91884498,58282
6037220100,368,163,25.3,5.573287373,71082
6037221110,2511,136,7.5,5.697234348,39999
6037221120,2343,35,7.2,5.794788084,37545
6037221210,1870,151,13.7,5.71250247,48216
6037221220,2566,30,11.2,5.704294012,40788
6037221302,3299,377,8.5,5.797147696,44980
6037221303,1502,196,17,5.560706373,40333
6037221304,1647,110,16.9,5.790050705,42541
6037221401,747,229,19,5.967445984,34577
6037221402,1242,221,23.5,5.744094751,53465
6037221500,1938,64,6,5.82700504,41743
6037221601,2101,134,11.1,5.725233246,53104
6037221602,2135,37,7.6,5.59169016,36447
6037221710,1468,162,19.4,5.765557266,38240
6037221810,871,430,27.4,5.767454282,24749
6037221820,326,844,68.3,5.803790362,29206
6037221900,767,779,27.7,5.857094332,21381
6037222001,1280,225,23.5,5.695436377,69962
6037222002,2530,104,11.4,5.869821491,50277
6037222100,1660,91,14.3,5.616862995,38908
6037222200,2227,196,10.8,5.784923011,39873
6037222500,2714,64,6.7,5.850928894,47442
6037222600,2205,381,20.4,5.899087996,35217
6037222700,345,1706,50,5.858700949,16070
6037224010,959,270,16,5.902208119,28950
6037224020,1647,108,11,5.796602593,30414
6037224200,1762,44,6.3,5.806105631,36488
6037224310,1303,105,9.3,5.890407192,31048
6037224320,2320,67,5,5.865469517,36862
6037224410,1431,559,33.9,5.736521538,38303
6037224420,1593,149,17.8,5.862265286,33632
6037224600,2120,114,10,5.683938028,42586
6037224700,927,3163,50.9,5.854741234,21670
6037226002,656,386,35,5.881505989,45497
6037226410,2538,9,1.7,5.585976959,36051
6037226420,3428,41,7.1,5.65509646,35984
6037227020,2388,20,2.8,5.660901498,41409
6037228100,3519,6,1,5.702268507,43680
6037228210,2201,5,5.4,5.579434225,34776
6037228220,2541,40,2.9,5.647907039,39406
6037228310,3100,6,3.3,5.694069237,40567
6037228320,1932,8,1.1,5.632558824,35656
6037228410,2299,60,3.5,5.695471133,38947
6037228420,2100,19,6.9,5.612853254,40583
6037228600,3060,96,4.4,5.82472716,35697
6037228710,2640,12,3,5.486379881,34389
6037228720,2778,17,2.7,5.644653768,41288
6037228800,3380,16,3.4,5.780264108,39287
6037229100,3165,33,2.3,5.403908003,47458
6037229200,2630,1,1.3,5.620803717,32208
6037229300,3368,16,3,5.709705442,34729
6037229410,2081,64,1.8,5.683083684,32308
6037229420,2761,30,5.3,5.633488973,41354
6037231100,1640,174,6.7,5.785771856,39523
6037231220,2464,143,6,6.037601019,32441
6037231300,2903,58,5.7,5.846663836,35395
6037231400,2731,16,4.7,5.599596762,41564
6037231500,1863,13,11.5,5.798615459,57466
6037231600,3196,227,13.3,5.861146327,45545
6037231710,2505,37,7.9,5.942818677,29747
6037231720,3358,93,6.5,5.781529313,36114
6037231800,3045,16,2.5,6.088121857,34160
6037231900,3413,104,5.7,5.796637248,36436
6037232110,1765,11,5.3,5.639717193,38233
6037232120,3117,26,4.8,5.737211891,39547
6037232200,1292,22,4.6,5.946211705,37860
6037232300,2464,55,8.9,5.738013834,59023
6037232400,2685,64,7,5.758065287,41572
6037232500,2103,9,10.5,5.716293801,46086
6037232600,3258,21,6.1,5.752320816,42056
6037232700,3306,38,5,5.776315827,34880
6037232800,2321,42,5,5.949519597,39126
6037234000,1484,75,22.8,5.824288507,65078
6037234200,71,85,29.3,5.764397637,65488
6037234300,84,49,25.6,5.8673495,52779
6037234501,618,43,14.4,5.833097671,48254
6037234502,508,72,15,5.78783547,34949
6037234600,1421,137,15.5,5.779335993,55058
6037234700,1317,17,5,5.749020276,49084
6037234800,1091,48,15.3,5.905322254,55028
6037234902,1312,45,6,5.715543842,44574
6037235100,595,142,25.3,5.78076234,76434
6037235201,497,53,16.4,5.80567966,50830
6037235202,1095,87,16,5.793050139,37330
6037236000,589,582,40.9,5.587705587,85190
6037236100,688,141,26.6,5.943586464,40045
6037236202,2330,46,11.6,5.791881844,31794
6037236203,807,37,12.5,5.775193559,35583
6037236204,673,63,8.2,5.960475951,31303
6037236400,295,163,42.7,5.874195214,69736
6037237101,1988,5,3.7,5.763266546,36313
6037237102,1479,11,11.1,5.77288258,35073
6037237201,1932,6,5.2,5.755151876,39232
6037237202,2359,23,3.8,5.888848309,44664
6037237300,1353,78,15.3,5.71017115,43195
6037237401,1971,5,9.1,5.879530634,40575
6037237402,1516,13,7.4,6.079829132,42992
6037237500,1657,15,8,5.67166494,36010
6037237600,2027,27,4,5.654323591,37573
6037237710,1629,8,8.5,5.694840445,42992
6037237720,1587,6,6.5,5.714066183,33110
6037237800,1088,66,12.7,5.717011761,54080
6037237900,388,16,17.5,6.042350752,49526
6037238000,892,55,20,5.920295093,56816
6037238100,935,69,16.9,5.747089813,54058
6037238200,535,77,15.6,5.50769008,57286
6037238310,2442,89,6,5.931550919,28412
6037238320,1638,9,3.7,5.6808779,32569
6037238400,611,65,23.7,5.784440752,65256
6037239201,2040,9,4.2,5.653827041,38206
6037239202,2776,18,6,5.670059547,44648
6037239310,2660,93,6.9,5.709075615,40178
6037239320,2183,23,6,5.718812008,43791
6037239501,2040,49,4.6,5.731946504,37988
6037239502,1896,4,5.1,5.634588566,40211
6037239601,2060,24,6.4,5.828958716,36689
6037239602,2080,25,10.4,5.818821475,39303
6037239701,2584,5,2.6,5.768842371,35246
6037239702,1675,14,3.5,5.734971982,32625
6037239801,2032,4,2.6,5.752532587,40254
6037240200,2678,45,4.7,5.801104068,36198
6037240300,2660,75,6.1,5.741125493,42814
6037240402,1791,1,6.2,5.821925827,36554
6037240500,3552,17,4.8,5.75629583,39462
6037240600,2701,9,5.8,5.686234578,40018
6037240700,2992,118,5.1,5.828496706,43080
6037240800,2161,82,6.9,5.620674868,44703
6037240900,3070,17,6.4,5.832624046,43053
6037241001,1952,18,8.4,5.739987638,41169
6037241002,1875,3,3.5,5.724196271,44714
6037241110,1483,4,4.4,5.814448918,38676
6037241120,2369,48,10,5.581928615,39649
6037241202,2233,38,4.4,5.794446764,40304
6037241300,872,30,11.8,5.768163186,51017
6037242000,1718,22,3.6,5.744046818,42104
6037242200,2888,7,4.5,5.796290837,37432
6037242300,2594,43,5.6,5.848963133,41535
6037242600,2109,7,1.2,5.595552763,21041
6037242700,2386,7,4.8,5.760883141,36834
6037243000,3703,22,4.3,5.800535928,46612
6037243100,3229,116,3.6,5.370190448,37053
6037261101,123,2735,72.3,6.131465758,241609
6037261102,204,2755,71.6,5.970661574,269269
6037261200,229,2715,75.4,5.848487834,233489
6037262100,119,2129,67.4,5.930589156,289883
6037262200,212,2823,77.9,5.867968256,246554
6037262301,275,1647,79.6,5.851478197,290295
6037262302,197,2024,80.9,6.015626922,264308
6037262303,136,2173,77.2,5.997970754,366121
6037262400,143,1996,80,5.939839971,387177
6037262501,127,2682,82.7,6.083146131,301034
6037262601,169,2377,77.7,5.966580066,353005
6037262604,30,4581,76.5,5.965151345,266277
6037262704,216,2414,75.1,5.979002796,202716
6037262706,230,2434,77.2,5.915851021,299541
6037262802,189,2409,79.1,5.997800202,375027
6037264000,141,2451,84.2,5.812034057,330160
6037264102,143,2072,80,5.903570115,130778
6037264103,191,1766,79,6.015911194,124230
6037264301,273,3678,76.5,5.956724372,115349
6037264302,354,3878,74.3,6.042131188,145223
6037265100,47,2024,64.1,5.894878176,198307
6037265201,139,1698,69,5.821773995,158438
6037265202,115,2368,77.9,6.03163129,133073
6037265303,979,1779,70.8,5.928488067,32483
6037265304,575,1597,71.1,5.867339631,29112
6037265305,388,2113,81.5,5.995825189,57751
6037265410,59,909,73,5.790496226,180914
6037265420,65,1266,79.9,5.820632451,271005
6037265510,246,2006,84.2,5.992336346,99986
6037265520,181,2799,76.5,5.966037063,123756
6037265601,77,1842,64.3,5.977690561,127323
6037265602,104,2219,67.2,6.132479309,189274
6037265700,231,3248,71.9,5.861397201,141103
6037267100,610,3771,68.9,5.838476748,122828
6037267200,337,3518,64.6,5.97286045,106432
6037267300,434,2145,66.9,6.016333854,80471
6037267402,331,2708,69.7,5.92452901,88772
6037267403,293,1497,74.8,5.896371673,77722
6037267404,334,1941,74.3,5.998732166,94458
6037267501,2095,2201,56.7,5.888102488,86835
6037267502,583,1583,54.6,5.955821986,79225
6037267600,642,1170,55.6,5.941226783,86439
6037267700,689,1181,62.1,6.077657696,108466
6037267800,194,1589,68.6,6.183764351,120400
6037267901,16,1592,60.7,6.008030997,212657
6037267902,107,2176,75.7,6.142030342,131242
6037269000,238,3541,66.2,5.944584171,217685
6037269100,238,2733,63.9,5.906588855,107288
6037269300,130,2585,81.9,6.385093412,231910
6037269500,73,2479,74.2,5.890091506,223103
6037269601,1412,375,21.7,5.935932599,60001
6037269602,876,884,40.5,5.98984674,67231
6037269700,1115,1176,46,5.802491717,97226
6037269800,477,1466,55.7,5.74287345,69246
6037269903,937,1385,54.2,5.942903839,65717
6037269904,728,1544,50.8,6.078043085,52514
6037269905,1178,742,56.7,6.043775475,70749
6037269906,404,1087,67.1,6.078266831,77591
6037269907,787,965,52.4,5.723528798,74321
6037270100,932,1940,53.3,5.945976096,62555
6037270200,1918,780,24.6,6.07190632,72153
6037270300,767,393,35.7,5.9027071,83732
6037271100,365,1098,58,5.838395748,112170
6037271200,738,821,51.6,5.870770345,76989
6037271300,741,2061,53.9,6.057630463,90881
6037271400,365,2256,59.7,5.846962285,137578
6037271500,454,1626,61.4,5.630623754,114361
6037271600,261,1772,79.8,5.86239943,98359
6037271701,729,2988,62.5,5.74665445,87391
6037271702,536,1369,75.8,5.994728403,74376
6037271801,1106,1306,55.8,5.943004469,86826
6037271802,1129,2492,46.9,5.987303933,64902
6037271901,843,1269,53.1,5.854253446,103112
6037271902,670,2025,54.7,5.913294797,112559
6037272100,771,2153,59.8,5.964220491,113707
6037272201,905,882,44.4,5.969086533,71152
6037272202,980,1610,40.8,5.952128598,71159
6037272301,1091,1129,45,5.81413025,102689
6037272302,1820,1426,31.3,5.866126264,58342
6037273100,328,1406,52.7,5.485838976,137556
6037273200,939,1639,56.3,5.943362759,124314
6037273300,776,1782,55.7,5.847920004,94038
6037273402,178,2131,67.4,6.083076813,87948
6037273502,221,2101,63.6,6.099374716,78351
6037273600,267,1577,67.6,5.962083039,165133
6037273700,516,1513,55.8,6.003330584,125739
6037273800,464,1787,58.1,5.902375788,108639
6037273902,410,2718,70.4,6.035782216,179745
6037274100,384,2571,67.9,5.843997798,136373
6037274202,284,3106,63.1,6.029965019,170691
6037275101,280,440,43,5.822991586,90511
6037275102,1917,948,28.9,5.854532998,62311
6037275200,1879,976,37,5.963870705,67151
6037275302,456,2951,63.8,5.915963136,103086
6037275311,1210,2030,47.8,6.026620007,110714
6037275400,616,1473,64.2,5.878008921,117699
6037275500,2794,655,28.3,5.882912814,58666
6037275602,922,2904,76.8,5.981154962,121395
6037275603,879,1054,39.4,5.708003686,90797
6037276000,964,2798,59.9,5.919594464,125139
6037276100,522,1208,53.3,5.813819103,68701
6037276400,347,2437,65.4,5.692636677,141819
6037276500,848,2861,53.4,5.906272015,118210
6037276601,405,2073,64.4,5.885805428,155250
6037276603,843,3009,65.3,5.953336223,97122
6037276604,273,2072,49.1,6.061376026,69303
6037277000,575,3154,64,5.819797788,159680
6037277100,757,1329,44.6,5.779090772,107613
6037277200,779,455,33.2,5.967476244,63492
6037277400,406,74,23.4,6.043515436,46387
6037278001,438,1322,46.1,5.938811504,88656
6037278102,307,2181,62.6,5.956213086,184383
6037291110,1061,7,11.8,5.933891578,51291
6037291120,1222,6,7.6,5.757843236,45917
6037291130,1819,125,17,5.794207117,55359
6037291210,2552,179,21.4,5.710821135,69437
6037291220,1843,137,18.8,5.70658262,61466
6037291300,419,462,27.6,5.705487219,79275
6037292000,2502,711,16.7,5.918631115,48784
6037293201,2270,809,28.8,6.039193486,71350
6037293202,2644,375,17.4,5.723574121,52658
6037293301,400,986,35.3,5.850741641,79373
6037293302,1953,971,27.3,5.769270853,80453
6037293304,2067,610,14.4,5.752020293,58386
6037293306,812,694,25.8,5.875757663,90142
6037293307,1264,211,18,5.719722762,49968
6037294110,2754,333,8.5,5.691771976,74449
6037294120,1563,78,4.5,5.636605606,50592
6037294200,3593,378,6.3,5.712288254,82233
6037294301,1718,198,7.3,5.686529885,90003
6037294302,3218,142,4.4,5.700560228,56708
6037294410,1360,755,27.7,5.547749485,54256
6037294421,1685,150,13.2,5.769226587,57673
6037294510,3170,260,8.2,5.791007511,46689
6037294520,2549,94,7.8,5.576788568,57407
6037294610,3037,38,6.8,5.671184628,49753
6037294620,3212,191,8.6,5.814555958,54829
6037294701,2054,76,2.8,5.77353997,43917
6037294810,2961,59,2.9,5.883261381,39869
6037294820,2544,51,3.1,5.854494583,39289
6037294830,2585,35,5.6,5.786578728,40199
6037294900,2279,151,7.2,5.623267096,44854
6037295103,920,2530,38.4,5.839633452,103950
6037296210,1479,233,11.9,5.54395931,42308
6037296220,2110,559,18,5.797109351,46311
6037296300,1216,1689,35.1,5.855300418,94791
6037296401,479,1753,35.8,5.866846054,95347
6037296402,1059,1020,22.1,5.740111233,89456
6037296500,2235,387,10.1,5.735372855,45902
6037296600,2719,787,6.8,5.757660929,38841
6037296901,2155,535,17.7,5.754337293,46917
6037296902,1662,1194,22.2,5.809979006,70840
6037297000,1294,2591,33,5.753527541,103320
6037297110,2382,696,8.9,5.830171998,48664
6037297120,2106,570,9.6,5.68025281,58318
6037297201,1562,831,12.9,5.728830172,67205
6037297202,1052,1551,28.8,5.749423133,82133
6037297300,424,1010,34,5.799407911,94603
6037297400,672,2212,47.4,5.743622319,122037
6037297500,1016,2534,36.3,5.865816877,100703
6037297601,441,1332,34,5.851667141,77231
6037297602,1025,1946,40.3,5.758507461,82830
6037301000,767,2323,46.5,5.78984932,77573
6037301100,648,3982,45,5.785102225,89831
6037301203,361,2732,48.9,5.740388333,81615
6037301204,705,3189,34.2,5.816954421,66454
6037301205,291,1177,54,6.012393865,113323
6037301206,321,3247,37,5.804531754,74651
6037301300,105,1289,59.8,6.025805973,167863
6037301400,42,2768,52.7,5.753644333,134250
6037301501,166,1365,34.1,5.657631835,91017
6037301502,734,4489,30.1,5.697523217,56103
6037301601,1012,3859,18.9,5.897766589,50003
6037301602,1431,1333,29.4,5.876702888,67851
6037301701,754,1370,30.4,5.806011867,77647
6037301702,812,3262,29.4,5.829539827,59880
6037301801,866,1917,31.9,5.850452331,62113
6037301802,283,1834,27.7,5.860537349,61108
6037301900,911,4732,42.7,5.897812579,66045
6037302002,514,2407,37.3,5.819766922,53497
6037302003,316,2688,34.1,5.811062721,46701
6037302004,735,2523,33.5,5.761786464,59519
6037302102,908,3248,36.3,5.857737068,64499
6037302103,980,2993,26.7,5.80794498,54482
6037302104,763,1444,36.1,5.702892339,59065
6037302201,382,2591,21.9,5.901050334,44515
6037302202,855,3014,29.8,5.659797767,44516
6037302301,632,1926,30.3,5.803539338,86409
6037302302,1848,1440,25.2,5.821253401,50040
6037302401,1523,2565,22.3,5.88002441,48905
6037302503,687,2547,24.6,5.897294974,46978
6037302504,1040,1977,22.1,5.869708095,44411
6037302505,1526,1386,22.4,6.032814992,43739
6037302506,762,1603,32.5,5.832187211,62664
6037310100,472,3567,48.6,5.874157372,144008
6037310201,975,3106,40.3,5.779963639,83297
6037310202,626,2904,45.4,5.898771521,96343
6037310300,211,1755,41.2,5.747203062,125466
6037310400,436,1794,42.2,5.972469879,87087
6037310501,1436,962,30.9,5.836175915,66814
6037310601,1855,1994,36.4,5.776563369,63840
6037310602,493,1096,44,5.826781816,93213
6037310701,362,1647,30.4,5.815210199,52179
6037310702,1024,4231,37.7,5.89661036,60967
6037310703,591,3026,29.6,5.818536963,59119
6037310800,1267,2618,38.1,5.879628773,84048
6037310900,1883,2533,33.5,5.857083835,88323
6037311000,1176,1570,36,5.811337575,100254
6037311100,1234,1444,32.6,5.775793851,95893
6037311200,694,1576,35.5,5.907783457,80147
6037311300,779,1794,37.1,5.87109358,96579
6037311400,256,1322,42.2,5.850622496,91510
6037311500,939,3008,41.2,5.891244045,89490
6037311600,1081,3671,46.7,5.875689232,82887
6037311700,828,3281,39.7,5.88941375,94525
6037311801,1048,994,33.5,5.927692395,68460
6037311802,1549,823,26.4,5.780002289,56965
6037320100,5701,368,14.6,5.76748829,76586
6037320201,2396,197,14.4,5.78242883,55160
6037320202,4012,407,11.7,5.828792445,78668
6037320300,4870,143,7.8,5.806275021,49657
6037401001,466,1795,47.8,5.932286905,110713
6037401002,725,2115,37.8,5.852534278,84054
6037401101,992,3039,27.2,5.820511046,68320
6037401102,725,1345,23.1,5.768178191,65638
6037401201,640,1554,41.1,5.859880793,108624
6037401202,1458,1843,22.2,5.806902312,91444
6037401203,1824,2065,31,5.734427466,82361
6037401303,569,924,45.3,5.851692551,145126
6037401304,1244,2644,44.4,5.825010596,119546
6037401311,1889,2478,28.4,5.902699013,86447
6037401312,1727,2449,30.3,5.813754068,80832
6037401500,1936,2174,32.9,5.825514477,76583
6037401601,1387,2448,32.6,5.904686202,75025
6037401602,1812,2190,29.5,5.939228889,81372
6037401603,529,1631,37.7,5.934868909,72350
6037401701,675,2425,36.5,5.852458872,86451
6037401703,1388,1232,30.6,5.968664956,62641
6037401704,2447,1210,30.4,5.821148074,65946
6037401800,1330,4191,58.8,5.834324061,104974
6037401901,761,1861,45.2,5.895452648,90283
6037401902,700,2993,71.4,5.982513524,115679
6037402001,916,834,33.3,5.760804623,74473
6037402002,1114,1735,41.7,5.91444033,77629
6037402101,2947,148,16.9,5.948823167,73669
6037402102,2581,672,14.2,5.654131867,72832
6037402200,3319,1130,26.8,5.950427059,72843
6037402301,3167,550,14,5.69186567,58540
6037402303,2499,546,11.4,5.76214336,50625
6037402304,2654,211,3.2,5.727170822,37283
6037402402,3121,711,27.7,5.823840236,66094
6037402403,2364,1088,18,5.830849594,60696
6037402405,1872,10,9.3,5.813373125,66067
6037402406,2937,130,16.3,5.883091578,54624
6037402501,3295,216,5.1,5.737307455,41780
6037402502,4139,379,6.5,5.865051866,47816
6037402600,3550,1502,23.6,5.798010584,63169
6037402702,3524,290,6.8,5.88047076,40647
6037402703,2303,531,15.2,5.774634261,60745
6037402705,1847,692,12,5.935713639,72659
6037402706,2399,266,11,5.834665286,66653
6037402801,3364,164,1.8,5.74122548,38673
6037402803,1981,96,7.4,5.818832549,45206
6037402804,2308,121,8.5,5.717015885,53013
6037402902,3880,323,12,5.759922564,57957
6037402903,2627,149,9.1,5.861334672,63272
6037402904,2407,302,5.9,5.801951165,65511
6037403000,4026,665,16.7,5.715336998,65447
6037403303,755,433,31.1,5.790151812,99577
6037403304,740,707,57.6,5.779637809,105854
6037403305,163,224,51.8,5.753335349,91715
6037403312,1378,950,36.6,5.826584003,90265
6037403316,1043,1614,47.3,5.782583738,95550
6037403317,1053,819,43.5,5.796069883,101200
6037403318,1273,1481,39.4,5.856681935,106116
6037403319,767,780,47.9,5.893565784,82509
6037403320,759,755,54.1,5.906023811,109074
6037403321,1083,1202,46.6,5.763729116,102265
6037403322,538,894,54.6,5.759028552,98979
6037403323,444,1084,54.4,5.83578639,98494
6037403324,619,1089,60.5,5.884235694,147451
6037403325,717,1322,54.4,5.794774367,136825
6037403401,1309,587,48.6,5.863240707,104483
6037403402,674,539,47.1,5.83738436,99490
6037403403,572,377,61.4,5.88543284,146631
6037403404,229,342,55.9,5.710107565,141641
6037403405,176,252,57.1,5.78837247,136260
6037403406,477,480,37.8,5.825598266,85208
6037403407,264,239,63.6,5.862485567,139151
6037403408,937,454,51.2,5.921174879,108745
6037403500,457,534,35.6,5.869248945,136901
6037403600,2660,1861,28.4,5.810215617,85977
6037403702,1476,1245,35.4,5.79156227,103473
6037403703,1834,1453,27.4,5.839325781,108794
6037403721,1795,1465,24.4,5.793213945,81841
6037403722,2683,849,19.6,5.752944453,67699
6037403801,2384,1531,24.8,5.80131741,75680
6037403802,2412,1473,19.7,5.802578925,68977
6037403901,1292,1067,20.7,5.963020888,79116
6037403902,1630,1888,14.6,5.814182057,71513
6037404000,2307,974,18.2,5.95190335,82469
6037404100,3877,583,11.2,5.818293853,66409
6037404201,1906,467,13.9,5.777672229,48317
6037404202,1693,1020,16.3,5.921769529,55797
6037404301,3943,287,11.7,5.820571632,57037
6037404302,1103,243,8.6,5.791806841,66520
6037404401,2399,301,8.7,5.85233635,66009
6037404402,2660,480,8.4,5.769232238,65752
6037404501,1586,208,9.3,5.857387006,56065
6037404503,1692,296,12.5,5.781091014,80887
6037404504,3344,206,11.7,5.887748222,52241
6037404600,1029,51,7.6,5.878691397,66200
6037404701,3556,119,14.3,5.802414358,61056
6037404702,3357,106,11,5.770674648,54995
6037404703,2204,77,8.4,5.781232838,52667
6037404801,4617,286,14.1,5.981437231,56487
6037404802,2412,150,6.7,5.808327359,53525
6037404803,1097,108,10.4,5.846371504,58174
6037404901,3174,116,13,5.794588465,84035
6037404902,2395,180,12.4,5.855233479,66469
6037404903,1738,137,16.8,5.825423859,62426
6037405001,4431,193,4.7,5.547009714,67401
6037405002,2310,91,8.8,5.704896742,65862
6037405101,2922,380,9.5,5.814411539,63973
6037405102,2139,334,14.1,5.865568741,54869
6037405201,3083,146,11.9,5.847912622,61287
6037405202,3088,90,10.2,5.790309634,61747
6037405203,2085,264,11.9,5.790966094,70607
6037405301,1630,416,24.3,5.925681012,62490
6037405302,3296,624,12.9,5.869273118,78722
6037405400,3282,973,13,5.768847537,84417
6037405500,3165,925,19,5.754990473,86852
6037405600,2918,792,24.1,5.765220418,86266
6037405701,1975,472,24.5,5.823200172,77135
6037405702,2400,647,26.8,5.80730797,66309
6037405800,3104,985,14.1,5.835987411,73840
6037405900,1763,635,22.3,5.663942869,91045
6037406000,2570,1220,19.2,5.746868405,74582
6037406101,1641,759,23.5,5.953598041,78310
6037406102,2226,1313,21.3,5.865747266,64755
6037406200,2443,868,19.3,5.819505788,56482
6037406300,1860,1068,43.3,5.752111196,116676
6037406402,1011,582,26.9,5.772953994,99080
6037406411,942,341,20.6,5.826921798,80213
6037406412,1096,572,26.4,5.625768734,104504
6037406500,2839,1028,29.9,5.69814375,86811
6037406601,2469,809,25,5.687898488,90404
6037406602,2920,655,14.5,5.76935802,74184
6037406701,1588,408,24.8,5.868113056,71651
6037406702,2674,900,20.3,5.758366025,69216
6037406800,1964,591,21,5.727236622,81411
6037406901,3095,179,11.8,5.93015439,56632
6037406902,2475,261,12.6,5.799482481,76650
6037407001,3963,259,8.3,5.730380666,73730
6037407002,2533,52,11.8,5.816116505,74489
6037407101,2922,136,10.2,5.744146779,67998
6037407102,3751,92,9,5.970575315,65720
6037407200,5006,340,3.7,5.731850323,66481
6037407301,3276,343,7.9,5.727123738,72423
6037407302,2486,217,6.8,5.675468306,76378
6037407400,978,126,21.9,5.882412957,82209
6037407501,2714,200,8.3,5.756599876,68523
6037407502,2641,220,8.7,5.799425341,72910
6037407601,2830,46,8.7,5.740264382,63347
6037407602,2525,125,10.3,5.811714308,62320
6037407701,3117,63,5.5,5.629334721,57872
6037407702,3951,310,17,5.870247947,78766
6037407801,3167,441,11.8,5.856767865,78293
6037407802,2534,246,13.8,5.866532109,80036
6037407900,3210,404,19.3,5.715360436,91576
6037408003,2256,533,29.9,5.799455078,90388
6037408004,734,344,33.8,5.877944134,60645
6037408005,1472,692,37.2,5.914301514,115595
6037408006,1222,131,37.4,5.735450932,73482
6037408133,2332,261,30.6,5.785577317,74795
6037408134,692,161,37.9,5.751034753,95692
6037408135,850,216,38.9,5.812688441,82696
6037408136,1614,366,20.6,5.776295736,72449
6037408137,1392,456,26.8,5.770019102,75890
6037408138,4094,324,5.5,5.720323284,61222
6037408139,3273,108,4.8,5.841484383,56568
6037408140,2504,86,6.1,5.635404421,56825
6037408141,3498,137,7.6,5.804182926,72547
6037408202,1233,190,14.2,5.814935878,64841
6037408211,1678,579,24.7,5.831861675,56499
6037408212,1253,749,31.2,5.874029502,80904
6037408301,3591,298,7.7,5.686653451,70432
6037408302,2750,234,20,5.715391046,88665
6037408303,2941,404,20.2,5.813136276,90490
6037408401,2143,553,24.5,5.858001726,75733
6037408402,2165,874,33.6,5.811289666,92670
6037408501,1708,225,12.1,5.812967877,65685
6037408503,1770,1234,42.2,5.785763766,112855
6037408504,2236,447,35.6,5.846158428,100251
6037408505,1030,615,34.4,5.78079962,129284
6037408623,787,466,32.4,5.807567396,76739
6037408624,820,392,36.8,5.663052459,113050
6037408625,1258,510,42.9,5.906649025,115991
6037408626,891,248,53.8,5.912166287,88294
6037408627,547,420,41.5,5.864692069,106801
6037408628,683,373,53.2,5.866896417,95264
6037408629,435,532,50.7,5.908042007,96909
6037408630,1429,92,17.4,5.784923986,72900
6037408631,2425,311,25.5,5.84810458,79285
6037408703,359,669,55.2,5.787213076,137980
6037408704,774,220,22.8,5.716480146,54245
6037408705,1032,592,38,5.809839807,70105
6037408706,183,296,62.7,5.407770876,135864
6037408722,1493,550,32,5.55880622,87557
6037408723,619,383,24.5,5.840321415,67903
6037408724,2753,286,13.3,6.014987198,48489
6037408800,1824,594,25.4,5.777110772,42896
6037430101,1772,1436,18.1,5.824535658,63383
6037430102,2995,474,13.8,5.837252272,66508
6037430200,132,595,54.4,6.027106403,147131
6037430301,593,2652,56.7,5.87823805,165153
6037430302,1205,3071,46.6,5.889505453,119278
6037430400,404,1314,59.5,5.886776119,150578
6037430501,363,2391,70.8,5.866159588,154282
6037430502,767,4060,59.7,5.863982679,108057
6037430600,544,1330,54.9,5.708145375,193514
6037430701,494,1377,56.1,6.021326351,114107
6037430721,330,958,50.5,5.902173855,102911
6037430723,353,822,52.5,5.734650888,82224
6037430724,548,814,49,5.810131983,72873
6037430801,926,900,47.9,5.80546512,75595
6037430802,107,935,58.3,5.827288384,124364
6037430803,666,1266,53,5.700135233,125646
6037430901,1518,936,29.6,5.849173402,70844
6037430902,1253,1239,33,5.897427154,80210
6037431001,2553,2222,28.1,5.813403903,69508
6037431002,774,1186,40,5.914823422,78858
6037431100,2894,1279,21.9,5.813460169,74752
6037431200,3606,554,12.1,5.722983204,69397
6037431300,648,997,34.4,5.685664751,105394
6037431400,1203,707,36.9,5.807476086,79107
6037431501,1162,865,27.9,5.747638775,54816
6037431502,1007,1005,29.2,5.850572086,79870
6037431600,243,835,51.9,5.860741314,114357
6037431700,178,1415,49.3,5.763749962,113804
6037431800,1031,1047,44.5,5.774618153,81119
6037431900,775,634,36.6,5.942305524,71375
6037432000,1325,1659,40.7,5.917809242,91995
6037432101,812,803,32.2,5.799246663,87629
6037432102,707,1042,37.5,5.70205234,88396
6037432201,580,425,21.6,5.674609315,56915
6037432202,1095,343,23.4,5.862755619,62725
6037432300,1666,231,17,5.849819069,68083
6037432401,1615,237,13.3,5.683823157,50103
6037432402,3212,492,7.7,5.810337027,50272
6037432500,3205,889,14,5.692153419,69471
6037432601,3018,326,12.8,5.676505753,56461
6037432602,1748,128,19.6,5.754130169,76088
6037432700,3256,234,9.4,5.80380914,48418
6037432801,1436,94,6.8,5.874265064,34424
6037432802,2581,35,10.1,5.80580602,39183
6037432901,979,228,17.7,5.82243905,61783
6037432902,1190,206,19.7,5.790283509,74210
6037433101,834,153,13.1,5.848232486,60756
6037433102,2157,36,13.5,5.722424227,51556
6037433200,3459,354,13.9,5.799024414,54036
6037433302,993,52,4.1,5.695862392,38260
6037433304,2249,127,14.4,5.781133467,41338
6037433305,2642,59,11.2,5.743250504,53902
6037433306,1225,90,16.2,5.833255156,49517
6037433307,1644,141,19.8,5.656922068,68867
6037433401,1702,98,9.3,5.686433333,61351
6037433402,1706,155,16.4,5.743286753,43345
6037433403,3000,66,5.6,5.8517467,43854
6037433501,1304,29,1.9,5.849556643,33696
6037433503,1784,70,4.3,5.812081299,56397
6037433504,2805,108,6.2,5.859843888,45726
6037433601,1229,174,13.7,5.857255465,63109
6037433602,633,97,16.2,5.813147278,49402
6037433700,2499,147,7.1,5.729502195,57033
6037433801,4294,80,7.3,5.78045139,49000
6037433802,2016,281,11.2,5.854513227,64246
6037433901,2570,119,11.5,5.733456248,43404
6037433902,2360,196,1.7,5.682969553,49360
6037434001,3409,155,6.8,5.754704342,52623
6037434003,2851,159,10,5.968732613,48318
6037434004,2099,37,10.9,5.7924604,61008
6037460100,582,3247,65.2,5.874914233,167148
6037460200,747,2042,52.5,5.856045967,107997
6037460301,717,1207,48.6,6.056517857,116003
6037460302,1373,747,30.8,6.08562444,99016
6037460401,115,241,38.7,6.005564475,94125
6037460501,232,2964,76.4,5.950609252,222227
6037460502,311,2185,73.1,5.81096465,214809
6037460600,230,2507,78.6,5.879118787,200686
6037460700,263,2791,75.3,5.972687624,262464
6037460800,222,1920,80.5,5.965948252,262082
6037460900,2909,509,24.4,5.821263432,84089
6037461000,3117,424,17.6,5.625420486,65996
6037461100,1399,1294,36.1,5.88056954,92273
6037461200,526,2494,64.2,5.936676802,147891
6037461300,933,3804,49.8,5.828422984,120754
6037461400,605,1554,44.5,5.972883683,92176
6037461501,1610,1072,37.6,5.774912167,92293
6037461502,3115,1008,15.6,5.715839525,63218
6037461600,2528,561,22.3,5.924705643,71117
6037461700,259,715,68.3,5.983994406,158737
6037461901,2716,685,25,5.776302538,63845
6037461902,296,647,62,5.841692629,64405
6037462001,2044,268,19.8,5.843888803,55209
6037462002,2401,400,9.4,5.670811831,54155
6037462100,2357,947,35.7,5.927740069,70250
6037462201,1134,1158,36.3,5.737789023,39701
6037462202,130,1376,70.6,5.87863106,75661
6037462301,1728,1257,26.6,5.807967688,55803
6037462302,566,710,61.4,5.908835592,85539
6037462400,1229,1957,45.1,5.970470731,110952
6037462500,648,3244,60,5.811852827,122198
6037462600,287,1207,58.5,5.794122378,142441
6037462700,1941,1291,42.2,6.013359645,86416
6037462800,513,945,46.4,5.898863811,88788
6037462900,785,1496,50.6,5.85166793,121835
6037463000,306,999,62.3,5.922669014,134944
6037463101,751,654,41.1,6.007304332,92862
6037463102,860,922,44.7,5.921189317,161080
6037463200,718,1433,49.7,5.735991553,97361
6037463300,256,993,72.1,5.884325469,125879
6037463400,991,2075,61.7,5.727792092,126320
6037463500,698,2512,78.3,5.903674406,121113
6037463601,889,2296,77.3,5.897518226,94062
6037463602,600,2366,71.2,5.874377886,80325
6037463700,459,1335,65.6,5.910798992,154353
6037463800,441,1975,77.5,5.959408054,207651
6037463900,492,1761,68.8,5.868365578,148507
6037464000,704,2892,71.7,5.868042292,169383
6037464100,668,2419,69,6.059280953,250063
6037464200,212,1488,73.7,5.959838539,156793
6037480101,745,651,36.3,5.751644933,91191
6037480102,808,670,35.4,5.813582204,79850
6037480201,916,1127,53.5,5.878310684,111820
6037480202,559,583,57.7,5.962909419,121196
6037480302,975,876,44.9,5.792593896,82374
6037480303,1247,184,31,5.76349879,59225
6037480304,970,328,30.2,5.830600838,48066
6037480400,1494,1169,56.1,5.903773968,84949
6037480500,720,2078,71.2,5.938479153,153066
6037480600,1259,3196,56,6.051080378,96364
6037480702,810,1316,55.9,5.819134018,115880
6037480703,401,1285,53.3,5.853368294,123566
6037480704,908,1465,58.1,5.856420324,94023
6037480802,1141,237,26.1,5.757658896,75959
6037480803,1752,612,31.2,5.815037269,104809
6037480804,1842,505,35.3,5.879000499,65072
6037480901,1452,251,31.5,5.807586249,65756
6037480902,1317,208,22.3,5.824396991,55935
6037480903,890,117,24.2,5.722543501,71213
6037481001,1044,461,34,5.856610912,57150
6037481002,2109,89,35,5.839611784,75428
6037481101,1384,336,32.5,5.853887955,54049
6037481102,563,401,35.8,5.887390897,59463
6037481103,1621,233,22.9,5.923357853,70044
6037481201,528,502,31.6,5.785713695,70520
6037481202,1565,616,30.9,5.706546274,72448
6037481300,769,95,17.8,6.008212594,67019
6037481401,794,284,28.7,5.970393782,64563
6037481402,1139,519,22.8,5.766722691,62525
6037481500,780,354,37.3,5.798664058,64160
6037481603,699,195,27.9,5.873214453,62802
6037481604,901,359,30.6,5.870107911,63082
6037481605,662,251,23.9,5.734190228,68098
6037481606,919,256,25.1,5.673267746,57385
6037481711,174,102,22.6,5.82653488,54205
6037481712,781,19,25.4,5.815623337,55691
6037481713,280,71,29,5.746298987,60221
6037481714,171,60,20.1,6.118622067,49342
6037481800,612,313,33.5,5.920393609,89206
6037481901,2086,855,35.8,5.830212581,87425
6037481902,1435,214,26.2,5.73212944,77774
6037482001,229,256,54,5.63848466,118436
6037482002,1868,256,40.3,5.771431525,89734
6037482101,1175,111,28.8,5.828687868,71469
6037482102,836,285,37.1,5.995788133,89489
6037482201,857,95,31.5,5.83685002,72334
6037482202,832,91,29.9,6.179626696,68683
6037482301,1027,558,13.8,5.824798637,59761
6037482303,1703,154,14.7,5.687799317,52870
6037482304,1391,106,12.3,5.710276208,44852
6037482401,1324,31,11,5.807463604,57358
6037482402,2178,339,23.7,5.816952531,70793
6037482502,597,35,7.9,5.69674504,60277
6037482503,930,31,8.8,5.71949359,48712
6037482521,1854,337,20.9,5.819607374,67054
6037482522,1346,719,32.7,5.813452491,82524
6037482600,1513,331,33.9,5.721327994,85516
6037482701,2495,163,22.4,5.837016212,75082
6037482702,978,178,24.2,5.768719306,69154
6037482800,1702,153,22.9,5.928972367,82005
6037501001,2502,98,9.3,5.881729347,68094
6037501002,3230,593,21.8,5.771706978,83332
6037501200,2937,806,21.1,5.716448063,88575
6037501300,4481,1265,26.4,5.858120687,79967
6037501400,2635,381,16.7,5.734595042,64268
6037501501,801,908,40.9,5.990289039,127249
6037501503,2529,916,29.9,5.80505492,68547
6037501504,2146,584,16.9,5.835272791,51041
6037501600,3148,2724,32.2,5.854085804,111964
6037501700,1722,1177,27.9,5.789831049,90146
6037501802,2213,687,26.3,5.629260881,76779
6037501803,3061,327,7.6,5.843159527,41135
6037501804,1183,277,16.4,5.830871547,49750
6037501900,2257,960,17.9,5.833974161,79101
6037502003,1771,230,12.9,5.798339473,62438
6037502004,2647,263,10.9,5.855289872,62714
6037502005,2665,811,14.1,5.778534308,75720
6037502100,3597,767,11.5,5.784690255,66137
6037502200,4542,635,11.8,5.814381891,69059
6037502301,4562,200,10,5.824375899,86512
6037502302,2316,132,8.9,5.742889903,62274
6037502401,3588,265,8.9,5.844683799,62267
6037502402,2603,161,11.7,5.941990287,80428
6037502500,2838,259,4.6,5.816312124,56703
6037502601,5481,379,10.3,5.734037462,75836
6037502602,3164,317,9.6,5.808929289,59897
6037502700,4285,446,13.6,5.712337784,68252
6037502801,4156,737,15,5.769353675,88632
6037502802,1120,276,16,5.779133556,42097
6037502901,3171,959,15.6,5.754432572,85287
6037502902,2979,311,8,5.766357383,61593
6037503000,3977,178,9.2,5.779011001,52149
6037503103,3291,470,13.3,5.755748437,88265
6037503104,1540,301,8.9,5.889548785,67939
6037503105,2354,565,14.1,5.791352745,81297
6037503106,1912,658,9.9,5.73472577,62873
6037503201,2014,1025,21.4,5.675177092,78168
6037503202,2761,684,13.1,5.933484053,73699
6037503301,1476,895,20.2,5.811165318,85289
6037503302,3799,966,14.8,5.790390642,73080
6037503401,2981,2230,22.4,5.810811209,88090
6037503402,1950,1283,30.8,5.817483613,88754
6037503501,3607,1243,24.2,5.783305308,70819
6037503502,2012,1086,15.6,5.809181626,74267
6037503601,1656,1516,25.9,5.894257834,96111
6037503602,1129,1520,42.8,5.808094054,113210
6037503701,2134,1714,20.8,5.811899316,83775
6037503702,2181,1889,14.1,5.812851718,84367
6037503703,1334,1948,44.1,5.878780624,96634
6037503801,1303,1276,23.7,5.755509425,97519
6037503802,1686,1346,31.3,5.88194199,83272
6037503901,1043,765,21.8,6.163718422,103365
6037503902,1583,1323,24,5.891836348,102514
6037504001,1511,2731,32,5.871538506,88640
6037504002,1503,1926,30.4,5.776924469,99115
6037504101,2808,823,10.1,5.773422313,65218
6037530101,3767,436,11.8,5.781557853,41111
6037530102,3303,853,11.9,5.668370057,53759
6037530202,3361,199,17.1,5.953098332,80732
6037530203,1733,215,13.4,5.71673209,58225
6037530204,2493,110,18,5.755485135,56088
6037530301,1771,85,8.2,5.733651325,54670
6037530302,5236,108,12.5,5.699569234,60324
6037530400,2178,39,17.8,5.812204537,47180
6037530500,3273,22,9.9,5.700853055,43260
6037530601,2688,35,8.2,5.934134357,56779
6037530602,1085,15,8.1,5.758343353,59829
6037530700,1752,9,7.5,5.759958469,55109
6037530801,4040,184,11.1,5.548774554,52340
6037530802,2576,16,7.3,5.8434256,52868
6037530901,2968,19,4.5,5.731595238,67027
6037530902,3009,24,2.9,5.823011331,39676
6037531000,3967,48,5.2,5.800634982,52545
6037531101,3379,29,5.6,5.791132625,41124
6037531102,2522,70,7.4,5.834308,47919
6037531202,3240,50,3,5.779182847,45799
6037531301,4068,47,5.5,5.781415408,40828
6037531302,4876,81,4.5,5.733870549,47233
6037531502,2526,8,3.1,5.761154024,44811
6037531503,2222,24,3.6,5.781670502,41754
6037531504,3259,56,7.9,5.859057456,38234
6037531602,3680,80,4.2,5.781639746,40325
6037531603,2489,76,7.6,5.768581495,56343
6037531604,2987,51,7.6,5.667246708,42173
6037531701,4176,66,4,5.810137178,50301
6037531702,3725,58,4.8,5.774959791,51107
6037531800,3844,66,4.4,5.808280995,45041
6037531901,5028,32,3.1,5.798209058,48311
6037531902,2947,143,7.4,5.834992536,58408
6037532001,2157,168,8.7,5.83606202,47438
6037532002,2190,163,9.1,5.828804529,46919
6037532101,4679,104,8.8,5.78113186,47645
6037532102,2571,219,17.7,5.725652519,70077
6037532200,4410,174,8,5.780907716,50792
6037532302,3569,34,4.8,5.769013739,51461
6037532303,3185,129,11.1,5.784625879,56318
6037532304,2978,220,7.5,5.750276895,53625
6037532400,25,10,18.2,5.788604044,128638
6037532500,3049,22,7.7,5.820755607,52724
6037532603,2323,14,6,5.827732427,41670
6037532604,2028,13,3.8,5.635218001,43867
6037532605,2976,16,1.6,5.818837236,38528
6037532606,3522,83,3.2,5.608190529,44404
6037532700,2168,23,0,5.64114167,42253
6037532800,2668,13,2.4,5.760656768,39878
6037533001,3077,27,4.8,5.674766763,41811
6037533002,2003,26,3.9,5.843896006,52158
6037533103,2411,65,5,6.093693004,37661
6037533104,3203,82,5.1,5.961988408,32693
6037533105,1676,28,10,5.84470741,33636
6037533106,1335,4,6.2,5.700692565,39845
6037533107,2521,17,12.4,5.904602778,48752
6037533201,2139,39,6.6,5.827641541,43886
6037533202,2028,23,5.5,5.799786822,52295
6037533203,1287,12,4.4,6.025591142,51325
6037533300,2246,52,2.6,5.746692083,41383
6037533401,3826,13,6.6,5.959603287,58763
6037533403,2087,135,8.7,5.730843686,44648
6037533501,2342,15,6.3,5.63975179,41627
6037533502,1618,20,6.9,5.610116779,52540
6037533503,1562,19,0.9,5.824237746,43572
6037533601,3405,83,4.8,5.655024932,40799
6037533602,3743,132,7.9,5.697072628,46836
6037533603,4658,244,8.8,5.648323994,44945
6037533701,2648,53,3.7,5.644302109,42408
6037533702,2637,8,2.1,5.848366407,45180
6037533703,3053,52,3.7,5.723239103,45299
6037533803,4385,425,4.5,5.905376984,44888
6037533804,3065,150,7.8,5.830600123,44425
6037533805,2883,100,9.7,6.09981668,48219
6037533806,2631,41,6.4,5.803921111,43373
6037533901,4395,30,2.5,5.639771567,47270
6037533902,2947,101,6.4,5.8404672,52962
6037534001,3569,66,7,5.763729297,45637
6037534002,3189,200,8.9,5.683331269,62730
6037534101,1188,77,7.5,5.745651778,48343
6037534102,4478,163,5.4,5.639532704,43597
6037534201,2997,162,4,5.656149547,42973
6037534202,4027,163,4.3,5.771042991,42640
6037534203,2540,65,3.5,5.87281922,49066
6037534301,3221,33,8.5,5.754489426,47123
6037534302,2660,91,4.2,5.596062497,51030
6037534403,2190,89,4.7,5.976776036,45087
6037534404,2299,89,4.8,5.808531108,38481
6037534405,2996,38,2.5,5.729917821,42117
6037534406,3635,81,3.1,5.623212665,47558
6037534501,3635,92,5.9,5.678924779,49043
6037534502,3499,22,6.3,5.86321797,54777
6037534700,3853,60,7.9,5.715339925,71374
6037534802,2319,34,5.2,5.832263086,54742
6037534803,3403,81,4.5,5.781159839,39686
6037534804,2924,10,4.9,5.717509856,51076
6037534900,4793,13,2.3,5.728987275,44387
6037535002,2441,54,4.4,5.678120589,45942
6037535101,4538,57,7.6,5.77625411,47738
6037535102,2543,26,6,5.894964571,45869
6037535200,3460,27,6.1,5.702282368,43858
6037535300,3967,9,1.9,5.775218967,40919
6037535400,2217,17,2.9,5.681332796,38131
6037535501,2935,41,2.8,5.830601315,43767
6037535502,3552,105,6.1,5.741334015,48842
6037535503,1834,20,5.8,5.610874522,43469
6037535603,2507,11,7.2,5.792731105,48964
6037535604,3233,12,4.4,5.919898214,45641
6037535605,3256,43,3.7,5.839443231,42277
6037535606,1307,37,5,5.704400481,37536
6037535607,3389,16,7.5,5.863189757,57457
6037535701,4883,71,5.6,5.801793721,59475
6037535702,3390,229,4.8,5.783311241,43118
6037535802,5118,253,7.5,5.727573123,53433
6037535803,3431,47,7,5.755902321,48855
6037535804,3969,104,6,5.790487697,56315
6037535901,4295,55,11.9,5.756001626,66673
6037535902,5976,247,8.1,5.737480573,74801
6037536000,2846,62,3.9,5.794650844,48471
6037536102,2032,424,10.3,5.872621894,62360
6037536103,4260,69,6.5,5.891511778,55244
6037536104,2773,115,8.6,5.786882897,54387
6037536200,4926,501,18.3,5.672677486,64054
6037540101,4598,81,9.6,5.836723626,75743
6037540102,4796,175,7.6,5.810821324,62088
6037540201,1408,7,6,5.860302063,36424
6037540202,4463,253,5.6,5.828202278,37829
6037540203,3625,64,5.1,5.757252743,43104
6037540300,3671,72,7.6,5.938585095,50647
6037540400,1450,14,1.6,5.644421878,43830
6037540501,4216,463,2.4,5.681907589,58228
6037540502,3833,82,4.6,5.813286215,47426
6037540600,1726,25,4.3,5.644150112,40850
6037540700,1246,42,10.6,5.773506229,48043
6037540800,1642,20,14.1,5.757272372,64016
6037540901,2007,128,10.8,5.574499328,50947
6037540902,1354,44,11.4,5.680899852,54077
6037541001,329,23,14.5,5.844748097,55992
6037541002,550,410,24.6,5.857027242,67519
6037541100,1148,42,7.1,5.80594497,58695
6037541200,1640,93,12.9,5.84562337,58754
6037541300,2515,9,5.3,5.576909089,45563
6037541400,3870,22,3.1,5.693794709,41225
6037541500,3722,8,2.1,5.757499005,53677
6037541603,1925,87,1.6,5.683929072,42549
6037541604,3356,123,3.5,5.686322937,38158
6037541605,3320,23,5.7,5.660210488,51784
6037541606,1474,23,4.7,5.710808132,43719
6037541700,3909,42,7.6,5.803032702,57483
6037541801,3274,36,5.5,5.762459996,61597
6037542000,2959,127,6.9,5.807261333,53977
6037542103,2660,15,4.2,5.592533668,48627
6037542104,2251,32,4.1,5.754188607,65229
6037542105,2843,52,4.1,5.774012025,52304
6037542106,2102,31,4.7,5.781269878,43159
6037542200,3867,40,4.8,5.784521029,54219
6037542401,2093,24,6.5,5.849993452,60745
6037542402,1699,41,12.7,5.637700121,63161
6037542501,1507,48,9.8,5.492609611,51956
6037542502,1669,45,7.2,5.610519232,40089
6037542601,1805,38,6.5,5.539566331,41791
6037542602,3194,80,7.4,5.781572727,51749
6037542700,3178,46,8.4,5.758545102,56009
6037542800,939,42,10.1,5.785122507,55123
6037542900,1656,7,5,5.596906269,52647
6037543000,1410,19,10.5,5.714469875,68389
6037543100,2536,41,7.7,5.779233439,68556
6037543201,1478,70,9.6,5.676249773,58405
6037543202,2356,46,7,5.693928471,47726
6037543304,787,139,32.1,5.844892498,89130
6037543305,969,695,10.5,5.737562908,63891
6037543306,1565,631,29.3,5.752047101,83554
6037543321,656,514,34,5.829721392,95078
6037543322,672,136,34.5,5.824311686,88831
6037543400,1819,231,17,5.808367241,82112
6037543501,1930,563,26,5.906246938,69020
6037543502,1480,706,25.9,5.743078583,69713
6037543503,1349,786,34.7,5.877095247,76861
6037543601,1212,506,27.7,5.792157672,90459
6037543602,2071,1022,39.3,5.765206563,78609
6037543603,589,1197,33.7,5.774562725,86993
6037543604,2239,532,27.6,5.772015012,95992
6037543701,1148,183,17.5,5.697042933,88263
6037543702,2892,334,17.9,5.728384574,78219
6037543703,1647,369,20.8,5.895541342,94360
6037543801,2085,655,21.6,5.76130155,86082
6037543802,1693,276,20.7,5.809502112,77270
6037543903,1358,297,28.2,5.763030786,73723
6037543905,2276,103,11.5,5.800719223,76065
6037544001,2251,204,13.2,5.684001363,59391
6037544002,1504,386,16,5.808400843,89163
6037550100,4681,538,16.1,5.83955706,82178
6037550201,1664,334,14.5,5.701094446,70711
6037550202,2926,683,13.1,5.795976557,72935
6037550300,4244,861,22.2,5.811439115,72132
6037550400,679,334,15.8,5.878217792,81819
6037550500,4482,1516,24.6,5.76822055,120755
6037550601,3053,973,19.9,6.025896863,69976
6037550602,2748,738,23.2,5.897168345,106751
6037550700,3878,1188,31.6,5.792376548,97631
6037550800,4113,1264,24.7,5.817268567,82419
6037550901,2367,486,22.2,5.855441988,58522
6037550902,3483,690,28.1,5.72608152,68248
6037551000,3330,1397,31.2,5.789170806,90913
6037551101,2238,183,10,5.743910677,49466
6037551102,2870,462,8.3,5.838415791,48754
6037551201,2401,396,19.3,5.828005925,76181
6037551202,4500,813,20.5,5.908854684,70166
6037551300,2973,714,9.4,5.75517459,49653
6037551401,2708,776,19.8,5.698792644,74926
6037551402,2274,637,18.6,5.871910617,80626
6037551501,2515,672,25.6,5.749453735,73338
6037551502,2181,909,23.7,5.815045704,64739
6037551700,3863,661,11.3,5.750751631,69109
6037551800,4138,837,23.4,5.919762213,68974
6037551900,2936,556,16.5,5.813161754,71669
6037552001,2115,458,18.7,5.767367816,70715
6037552002,2129,280,11.4,5.764926922,67631
6037552100,3087,904,9.9,5.737614794,55923
6037552200,3659,246,9.8,5.735741698,51501
6037552301,2261,283,21.9,5.759376132,83181
6037552302,1404,623,22.4,5.750057107,73642
6037552400,1714,135,7.2,5.77847565,70938
6037552601,3926,166,8.9,5.672002327,65394
6037552602,1722,453,22.1,5.752259953,75563
6037552700,3800,921,14,5.728722324,68890
6037552800,3234,692,12.9,5.814473234,69008
6037552900,3083,956,16.7,5.840091063,65766
6037553000,2329,722,20.4,5.861761062,87808
6037553100,2369,1495,20.1,5.8848412,79257
6037553200,3776,1246,19.7,5.805948487,79912
6037553300,1865,674,11.8,5.911111434,68998
6037553400,2147,311,16.8,5.768637857,70039
6037553502,2361,261,12.9,5.688009594,58209
6037553503,1514,114,6.9,5.721154479,57529
6037553504,3879,209,8.7,5.830416753,57485
6037553601,2932,209,5.8,5.723241132,53594
6037553602,2812,333,11.9,5.937404877,61545
6037553701,2870,76,3.5,5.664405608,52440
6037553702,3306,28,2.9,5.716794855,55602
6037553801,2471,122,3.1,5.669407767,53263
6037553802,3101,319,8.7,5.835218022,44973
6037553901,4169,408,12.1,5.778936548,65442
6037553902,3119,462,9.5,5.841906874,54118
6037554001,1446,630,19.2,5.760670614,64497
6037554002,2501,863,14.3,5.845500157,56073
6037554101,2244,497,11.5,5.719413923,56467
6037554103,659,290,16.6,5.765225128,94330
6037554104,1026,354,13.9,5.849923349,56541
6037554105,1570,425,14.4,5.687880763,44229
6037554201,1533,726,22.5,5.858988092,84578
6037554203,1328,838,16.5,5.77330991,66355
6037554204,1735,547,12.2,5.718100571,41674
6037554301,1900,331,10.1,5.746485372,59589
6037554302,1043,225,12,5.734177203,49833
6037554403,2004,664,10.9,5.740730424,52807
6037554404,1411,476,12.5,5.775784309,50570
6037554405,1087,418,18.5,5.76159849,70437
6037554406,1184,1448,31.8,5.78262963,82418
6037554511,200,494,53.2,5.851851457,99726
6037554512,291,917,57.8,5.785710483,121118
6037554513,127,167,62.3,5.854382866,107768
6037554514,648,636,39.5,5.732263872,95622
6037554515,390,711,44.4,5.821032854,121914
6037554516,435,517,46.9,5.739071956,116235
6037554517,311,419,53.9,5.878768231,103868
6037554518,589,815,48.3,5.918726733,109772
6037554519,263,478,48.6,5.822481456,121727
6037554521,904,1343,38.8,5.807907514,96597
6037554522,822,912,44.2,5.910801424,113857
6037554600,1754,669,20.4,5.813083023,65054
6037554700,3002,242,8.7,5.848400521,68005
6037554801,2173,161,13,5.698690874,67826
6037554802,1339,1270,31.3,5.804811559,77024
6037554900,1202,1505,27.8,5.846531243,74137
6037555001,2029,846,22.4,5.784824653,85286
6037555002,975,806,22.1,5.701259936,74453
6037555102,2587,709,20.1,5.691302219,56796
6037555103,1135,821,27.6,5.8893731,76072
6037555104,1332,596,27.9,5.789114919,65696
6037555202,780,1649,36.8,5.849539005,121358
6037555211,3797,176,5.1,5.70633686,47027
6037555212,2554,462,7,5.592826425,45267
6037570100,646,569,24.1,5.810709704,83663
6037570202,3017,543,9,5.712077728,60619
6037570203,1814,131,7.4,5.676296594,47360
6037570204,1466,406,14.5,5.982672453,57625
6037570301,4099,519,7.3,5.874619806,59388
6037570303,1680,203,11.7,5.775516275,49305
6037570304,2123,237,8.3,5.75538209,54671
6037570402,1237,161,15,5.85084311,68414
6037570403,3044,76,5.9,5.75027514,59663
6037570404,1644,52,12.8,5.860700416,59197
6037570501,3037,1021,14.8,5.808946928,83336
6037570502,3044,988,10.7,5.790858914,66279
6037570601,2455,389,11.9,5.634992624,57875
6037570602,2535,546,17.6,5.774209873,63809
6037570603,1241,328,12,5.689484908,41295
6037570701,1387,1328,37.3,5.807005776,75463
6037570702,698,710,28.2,5.761579795,88469
6037570800,1306,2119,29,5.812121222,88796
6037570901,1079,2598,32.8,5.748596385,97769
6037570902,871,1640,32.1,5.828007603,105391
6037571000,1134,3077,22.9,5.779587502,91466
6037571101,1070,2325,26.4,5.901819821,109562
6037571102,559,1840,34.8,5.749002366,91003
6037571200,1741,3424,36.1,5.825535754,108910
6037571300,878,1936,34,5.864764533,102216
6037571400,1366,1607,23.4,5.722206545,83734
6037571502,1012,904,28.4,5.867711489,66687
6037571503,985,582,29.6,5.840715174,83031
6037571504,1350,922,26.2,5.81508811,72166
6037571600,433,113,8.7,5.696910969,19196
6037571701,2726,444,16.1,5.815174015,56838
6037571703,1570,158,10.2,5.972790641,47419
6037571704,1325,305,8.2,5.877329157,47091
6037571800,364,1667,56.9,5.869371984,148947
6037571900,1450,1772,45.8,5.778079178,103716
6037572001,1141,2352,45.3,5.787938358,97687
6037572002,683,1628,29.5,5.672592616,85230
6037572100,294,167,33.6,5.87394866,112908
6037572201,1933,952,33.7,5.733609202,82336
6037572202,940,564,26.3,5.799830211,94019
6037572301,1780,181,13.3,5.793912304,67296
6037572302,1169,127,13.7,5.540232241,68534
6037572400,181,117,19.3,5.860296995,68828
6037572500,326,292,12.8,5.848744296,30851
6037572600,1760,126,20.9,5.879082183,81524
6037572700,1389,186,16.8,5.738317407,60290
6037572800,112,183,4.3,5.784957325,21964
6037572900,2470,163,9.9,5.819325701,57073
6037573002,1858,251,6.9,5.728333699,38033
6037573003,636,316,20.6,5.627747646,71981
6037573004,1862,421,12.3,5.727880556,38368
6037573100,3167,560,19.6,5.882803584,63159
6037573201,2054,144,9.5,5.842631927,43842
6037573202,2684,372,8.7,5.776707324,50365
6037573300,1371,109,7.2,5.789022338,42408
6037573401,333,294,23.3,5.869735317,70847
6037573402,1820,1430,27,5.833950227,63252
6037573403,542,1223,53.6,5.880072952,115295
6037573601,970,3073,37.4,5.873935676,113249
6037573700,908,2478,42.1,5.864488217,112363
6037573800,580,2389,32.6,5.846389161,99525
6037573902,190,1035,56.7,5.779313103,144337
6037574000,950,3063,43,5.853947813,121560
6037574100,745,2925,43.3,5.929119629,103385
6037574201,564,1463,38.5,5.773520925,101021
6037574202,510,1081,22.1,5.809379582,73688
6037574300,681,3266,34.6,5.855683858,90014
6037574400,737,2893,44.8,5.830155239,113329
6037574500,561,3849,49.9,5.866493083,108348
6037574602,197,690,55.6,6.029568272,119646
6037574800,243,1759,61,5.825625993,123514
6037574901,456,2226,52.2,5.862087947,102936
6037574902,867,2117,44.8,5.879662807,60368
6037575001,648,1684,42.8,5.811105598,74628
6037575002,1124,2037,45,5.787341735,77027
6037575101,1815,519,18.2,5.770203068,49384
6037575102,1672,275,11.5,5.675960818,36380
6037575103,1561,1141,26,5.708006431,46170
6037575201,1582,56,11.3,5.717979274,47532
6037575202,2130,96,9.7,5.890823778,43857
6037575300,2069,146,10.5,5.715999445,38941
6037575401,3075,358,7.3,5.752702041,37037
6037575402,2221,169,7,5.836973938,42140
6037575801,1246,192,8.1,5.913235646,32825
6037575802,2724,320,13.2,5.850347819,38419
6037575803,1269,407,14,5.746471946,30980
6037575901,1274,566,30.1,5.836766582,53824
6037575902,1248,1673,32.4,5.920891987,52246
6037576001,849,2126,56.7,5.997124957,97577
6037576200,2152,1277,27.7,5.914354547,44476
6037576301,1712,599,23.2,5.869925204,49352
6037576302,1789,254,11.3,5.752438872,42233
6037576401,2099,272,2.6,5.779259137,34045
6037576402,2146,209,6.2,5.718415918,41958
6037576403,2097,271,5.4,5.771264727,43400
6037576501,1227,816,27.7,5.864171963,53306
6037576502,1448,1062,22.8,5.848865306,48357
6037576503,1341,1111,24.4,5.822883727,47485
6037576601,1016,2182,38.9,5.895085216,69493
6037576602,892,2193,55.5,5.871581356,76046
6037576700,770,2269,52.7,6.139634494,90641
6037576801,1481,1281,36,5.860272168,51617
6037576802,868,1847,48.9,5.813007546,60740
6037576901,3228,373,9.6,5.981709904,39708
6037576903,1797,709,15.6,5.811137635,49618
6037576904,969,941,21.9,5.809296545,58501
6037577000,2263,3022,40.6,5.828178267,74702
6037577100,1412,3660,50.4,5.841712224,79285
6037577200,1063,3157,58.2,6.01998039,94993
6037577300,824,3897,61,5.956182011,85574
6037577400,447,1969,65.4,6.020259569,110751
6037577501,256,2415,63.6,6.061899058,166268
6037577504,166,955,52.5,6.223166185,183296
6037577602,265,2365,60.3,5.926264043,113090
6037577603,740,5106,63.3,5.930571546,122065
6037577604,181,868,60.1,5.945446616,115339
6037599000,1705,959,20.3,6.09856795,89764
6037599100,85,320,20.6,5.854490407,101908
6037601001,431,154,22.5,5.736425603,33703
6037601002,1808,41,11.4,5.795961216,45024
6037601100,2708,144,10.3,5.836025983,36425
6037601202,2506,83,11.1,5.75310163,63268
6037601211,1084,93,12.9,5.841936969,42077
6037601212,3422,94,9.4,5.970800415,50666
6037601301,252,214,41.9,5.863642055,85483
6037601302,1210,428,26.4,5.783510916,60168
6037601303,1107,196,17.9,5.652179123,39665
6037601401,2243,331,17.6,5.765351148,50845
6037601402,3778,165,10,5.725138689,57587
6037601501,2443,125,4,5.80841073,38770
6037601502,2790,123,6.8,5.669338819,50425
6037601600,2856,60,11.4,5.853511715,46712
6037601700,3649,117,4.5,5.714771608,44354
6037601801,2547,19,2.2,5.441010637,42693
6037601802,2901,64,5.8,5.772099689,56298
6037601900,2865,40,8.6,5.818600781,44345
6037602002,1849,125,8.6,5.641252761,51525
6037602003,3069,21,5.6,5.672582038,45364
6037602004,2424,169,9.8,5.790073483,51099
6037602103,3358,598,14.4,5.808414342,42348
6037602104,2581,191,15.9,5.682399104,52857
6037602105,2331,248,12.4,5.748721011,47538
6037602106,2750,386,14.9,5.754735464,53288
6037602200,3169,1737,27.8,5.859778067,75808
6037602301,2382,1618,29.6,5.680336191,95924
6037602302,537,1971,57.7,5.836248422,144552
6037602402,3130,1095,15.9,5.7681452,63862
6037602403,2482,249,16,5.51134219,55203
6037602404,2732,353,21.1,5.815326987,62211
6037602504,1404,148,24.7,5.741261459,47810
6037602505,1513,133,18.3,5.676681244,41031
6037602506,1483,79,10.4,5.87904053,45032
6037602507,894,193,20.3,6.065077007,50741
6037602508,2557,436,20.1,5.643601231,52834
6037602509,1889,126,12.5,5.799871349,59493
6037602600,1290,248,19.8,5.828621528,67765
6037602700,608,89,27.9,5.747841806,88810
6037602801,1881,90,5.7,5.788870637,43635
6037602802,1184,20,25.9,5.70174619,59096
6037602900,2284,295,11.3,5.747630211,46697
6037603001,2217,228,20.1,5.78854711,64323
6037603004,283,83,32.1,5.936017253,54428
6037603005,1700,268,19.5,5.74832123,53340
6037603006,348,171,29.8,5.724399497,56651
6037603101,944,410,28,5.783862462,62167
6037603102,1134,191,26,5.788346044,54801
6037603200,836,182,31.3,5.795815795,73676
6037603301,619,361,34.9,5.923852212,56157
6037603302,1667,455,21.4,5.741466507,54512
6037603400,1364,604,23.7,5.718210654,65488
6037603500,1104,400,18.3,5.868178036,79041
6037603600,1278,1034,21,5.720804363,107706
6037603702,1336,1505,33.1,5.764499224,88886
6037603703,1086,664,22.7,5.769124856,90734
6037603704,2589,122,10.2,5.619705706,48445
6037603801,2149,357,15.6,5.810014892,61344
6037603802,2188,366,16.6,5.86884462,63723
6037603900,3534,1006,14.3,5.651615008,61235
6037604001,2466,679,12.7,5.799692095,60650
6037604002,2084,629,26.4,5.809894367,65004
6037604100,3781,1193,11.4,5.834788524,54456
6037609900,1201,526,16.7,5.884720186,68024
6037620101,865,2884,47.5,5.847522821,119201
6037620102,459,2174,49.7,5.832097065,106410
6037620201,138,986,75.9,6.066053164,177370
6037620301,482,3051,71,5.824719805,271459
6037620303,182,2712,76.5,5.856688083,223276
6037620305,403,3986,79.4,6.191729234,209509
6037620400,436,3016,64.2,5.992660031,143619
6037620501,819,2969,51.9,5.822232216,140641
6037620521,703,1653,51.1,5.922564816,104618
6037620522,553,2227,51.1,5.92657799,115998
6037620601,1017,2497,52.6,5.879844953,124202
6037620602,915,2743,50.2,5.821985707,134262
6037620701,878,3479,59.2,5.90822342,113807
6037620702,672,3251,55.1,5.884243917,151011
6037620800,695,4335,72.5,5.917146374,195075
6037620901,156,1671,74.1,6.025600338,299730
6037620904,49,1978,78.8,6.055023472,260731
6037621001,347,3043,67.3,6.033880129,166949
6037621002,28,725,74,5.986472736,183337
6037621004,184,3451,73.3,6.037181433,161074
6037621102,255,1926,62.7,5.971618427,190494
6037621104,510,4487,74.8,5.997242899,155177
6037621201,991,3428,60.4,5.772953511,128722
6037621204,653,1801,49.3,5.974625831,95624
6037621301,702,4122,63.1,5.839249026,135017
6037621324,362,2428,66.7,5.936739389,128376
6037621326,324,2105,59.2,6.11936874,129334
6037621400,397,2684,67.8,5.78541754,126446
6037650101,541,1163,35.6,5.861110115,98442
6037650102,404,778,35,5.652667606,120782
6037650200,1368,2217,30.8,5.738202537,104044
6037650300,1470,1870,32.2,5.817154922,76611
6037650401,501,1866,42,5.824559967,112349
6037650501,342,1366,45.8,5.809876481,109275
6037650502,376,1993,50.9,5.820932583,110531
6037650602,710,2259,51.6,5.830217002,77961
6037650603,399,1560,54.1,5.852960354,97323
6037650604,1071,1674,37.1,5.793450716,60689
6037650605,124,967,51.3,6.014935985,80925
6037650701,207,1150,48.9,5.867877419,109316
6037650702,405,2213,53.5,5.760434857,128878
6037650800,296,1298,66.8,5.858134344,98261
6037650901,1588,2408,36,5.817530287,79022
6037650902,1437,1674,37.4,5.874128674,88558
6037651001,1453,1968,32.8,5.834394996,100118
6037651002,814,1530,49.8,5.864428167,105568
6037651101,542,1995,45.5,5.896304017,107509
6037651102,604,1508,47.9,5.961036311,77160
6037651201,295,2848,54.1,5.766049684,142171
6037651221,258,1164,46.8,5.779250012,85348
6037651222,803,1990,51.4,5.725635422,103449
6037651302,423,3702,55.7,5.874527946,136227
6037651304,302,3208,61.8,6.060053869,112857
6037651401,163,1321,52.4,5.806973556,82708
6037651402,354,2452,55.8,5.849294336,117320
6037670100,1312,2477,34.6,5.855805029,72919
6037670201,311,2001,63.1,5.874569008,189400
6037670202,277,1359,64.1,5.84645977,187149
6037670324,209,3380,72.8,5.924433887,226285
6037670326,195,1775,77.7,6.041283398,247095
6037670328,206,2850,75.7,5.720584688,268175
6037670403,121,1284,71.1,5.785661911,151520
6037670405,141,1278,75.1,5.775339365,137554
6037670406,62,724,66.3,6.043285865,169378
6037670407,369,2183,65.6,5.884269928,118390
6037670411,151,2340,69.6,5.731826645,133550
6037670413,380,1892,71.8,5.841813818,151750
6037670416,136,1847,67.2,5.824123828,137822
6037670500,69,1146,70.3,5.738121206,337060
6037670602,353,4184,69.1,6.112912806,161588
6037670701,1399,3102,50.2,5.747527884,119454
6037670702,523,3335,55,5.848983272,202940
6037701000,270,3759,77.3,5.915539004,198889
6037701100,150,314,9.7,5.859340734,96585
6037701201,189,2752,76.7,6.097963186,290780
6037701202,275,2253,79.3,5.950033753,122832
6037701302,432,3455,78.2,5.961041321,92374
6037701304,382,4576,69.2,6.026859275,184449
6037701402,360,4453,65.8,5.956958448,99588
6037701501,247,3400,72.4,5.925748853,106424
6037701502,538,2539,60.4,5.928714837,90431
6037701601,284,2838,76.8,5.941365939,163812
6037701602,520,2564,73.4,5.867056954,109074
6037701701,759,1894,55.5,5.853707671,89661
6037701702,852,1582,50.9,5.947506526,68812
6037701801,1984,1704,38.5,5.808579482,70951
6037701802,1082,1732,46.6,5.885404213,77159
6037701902,411,2770,65.3,5.94781506,98495
6037702002,898,3649,64.9,5.866457286,89411
6037702102,731,4223,76.2,5.948005495,114852
6037702201,843,2997,58.3,5.803676358,113541
6037702202,510,2325,61.4,5.826955325,130728
6037702300,868,3873,63.1,5.911727035,125204
6037702400,997,1840,49.5,5.879290006,103576
6037702501,539,2382,55.3,5.92623603,121587
6037702502,317,2278,73.4,5.69408435,102698
6037702600,940,2508,50.4,5.81389329,122436
6037702700,594,1624,58.6,5.872548747,140160
6037702801,1428,2316,42.8,5.880038217,96026
6037702802,902,715,39.9,6.169205286,100979
6037702803,972,1162,37.1,6.009337294,80034
6037702901,869,5929,63,5.977351251,114664
6037703001,423,2135,63.3,5.84411243,101163
6037703002,223,882,54.2,5.856113772,134157
6037703100,303,392,53.4,5.869257295,106808
6037703200,421,471,49.6,5.887786943,118018
6037901004,2693,4061,27.1,5.809940713,88580
6037901007,591,1086,19.8,5.786906452,113306
6037901008,660,940,19.1,5.819177828,75578
6037901009,980,2585,23.1,5.763734637,84234
6037901010,1586,2038,16.4,5.825501553,57496
6037901011,798,2216,27.6,5.772702118,76498
6037901101,1063,2356,17.2,5.860515108,62666
6037901102,1446,2425,22.5,5.771777581,75542
6037901205,1744,5087,21.3,5.848502584,86944
6037901209,196,785,17.7,5.834668523,59433
6037901210,151,1062,23.5,6.941388889,74289
6037901213,426,2374,27.7,5.760970092,121615
6037910101,779,168,6.6,5.824322467,53239
6037910201,1213,1085,14,5.845171379,67863
6037910202,901,2688,28.2,5.840476809,108596
6037910205,317,550,29.7,5.837057549,80358
6037910206,1045,797,30.9,5.999078777,112546
6037910207,1664,1565,23.9,5.685500628,95391
6037910208,2449,1487,15.5,5.834473981,75419
6037910209,640,1732,29.9,5.793886916,103253
6037910210,1615,2517,30.5,5.766780339,101393
6037910301,783,2139,24.2,5.877056976,107990
6037910302,929,3263,31.9,5.781782185,101324
6037910401,1815,2082,31,5.879691317,81782
6037910402,1626,332,8.4,5.766334615,37214
6037910403,1241,92,4.7,5.865310933,23431
6037910404,1767,603,9.2,5.66671841,59766
6037910501,1811,400,8.1,5.687418724,24337
6037910502,1721,637,9,5.648822887,38515
6037910504,2544,478,7.7,5.74258615,42059
6037910505,1300,672,3.6,5.745687932,65244
6037910601,3262,1119,4.7,5.871237146,42050
6037910602,1525,592,12.1,5.73855837,34253
6037910603,3537,896,7.6,5.719621273,55615
6037910605,2129,691,5.2,5.689997132,52805
6037910606,1466,373,11.2,5.769852594,57277
6037910705,5670,1513,9.1,5.714941596,71369
6037910706,3295,307,7.1,5.849671596,64841
6037910707,1904,776,13.2,5.816656886,57182
6037910709,488,673,12.7,5.720512123,74536
6037910711,4379,1074,7.1,5.825214192,56108
6037910712,1015,401,13.1,5.822633458,60985
6037910713,2947,600,8.8,5.737290339,57594
6037910714,2268,296,6.4,5.844083901,56510
6037910715,3018,716,10.5,5.772594197,58815
6037910716,2079,1301,16.2,5.803735235,71701
6037910804,449,1901,20.4,5.886352522,105185
6037910805,844,2645,32.3,5.883257405,96859
6037910807,1333,2560,33.3,5.751190359,111625
6037910808,605,1986,26.2,5.833943926,96231
6037910809,287,1342,47.9,5.834705624,186275
6037910810,503,1391,31.8,5.719845485,129529
6037910812,58,357,13.9,5.94734414,76774
6037910813,564,2383,27.3,5.875331977,107685
6037911001,957,2295,20.5,5.850431941,76517
6037920041,745,948,22.3,5.11,78790
6037920102,1557,2296,30.4,5.952001502,82058
6037920104,458,1780,26,5.856633535,123236
6037920106,1532,787,16.4,5.68313367,91394
6037920107,445,1332,65.7,5.9541262,162420
6037920108,430,1540,50.9,5.959392097,118744
6037920109,668,2575,54.7,5.848964058,116016
6037920110,373,1889,52.4,6.06438747,150063
6037920111,515,1469,31.5,5.893404222,113964
6037920112,423,2557,33.8,5.86743682,107793
6037920114,1011,2444,47.7,5.923281281,106944
6037920115,721,1898,47.9,5.894058038,138687
6037920116,719,2101,37.2,5.867568296,111330
6037920118,1278,2607,31.4,5.849706619,121140
6037920119,316,896,46.3,6.010719238,146560
6037920303,267,524,56.1,6.034814396,215502
6037920312,1119,2532,34.2,5.824135291,107612
6037920313,1277,2666,36.6,5.813447118,115288
6037920314,549,1553,41.2,5.885457756,133086
6037920322,361,1718,39.1,5.842059488,109709
6037920326,739,2833,41.1,5.888072128,130854
6037920328,172,1233,53,5.941501235,144976
6037920329,870,2886,40.4,5.88426092,106298
6037920330,1161,2833,44,5.806937551,104280
6037920331,648,2324,31,5.896878958,95212
6037920332,531,1339,33.4,5.782799197,94949
6037920334,986,3457,45.6,5.823678491,90894
6037920336,3251,1059,16.2,5.856990481,57285
6037920337,3475,778,15.1,5.658329098,62705
6037920338,738,2728,59.8,5.877808993,177556
6037920339,808,3367,55.5,5.888278729,162243
6037930101,27,98,64.9,5.713390373,61578
6037930200,117,240,30.6,5.820675714,117289
6037930301,147,545,15.7,5.811784081,76920