Id,predicted
0,0
1,0
2,1
3,0
4,0
5,0
6,1
7,1
8,1
9,0
10,1
11,1
12,0
13,1
14,1
15,0
16,1
17,1
18,1
19,1
20,0
21,0
22,1
23,0
24,1
25,0
26,1
27,0
28,1
29,1
30,0
31,0
32,1
33,1
34,1
35,1
36,1
37,1
38,1
39,0
40,1
41,1
42,1
43,0
44,0
45,1
46,1
47,1
48,1
49,0
50,1
51,1
52,0
53,0
54,0
55,1
56,1
57,1
58,1
59,1
60,0
61,1
62,1
63,1
64,1
65,1
66,0
67,1
68,1
69,1
70,0
71,1
72,0
73,0
74,1
75,0
76,1
77,1
78,1
79,0
80,0
81,1
82,1
83,1
84,1
85,0
86,1
87,0
88,1
89,1
90,1
91,0
92,0
93,0
94,0
95,1
96,1
97,0
98,0
99,0
100,0
101,1
102,1
103,0
104,1
105,0
106,0
107,0
108,0
109,1
110,0
111,0
112,1
113,0
114,1
115,0
116,0
117,0
118,1
119,0
120,1
121,1
122,1
123,0
124,1
125,1
126,0
127,1
128,0
129,0
130,1
131,0
132,0
133,1
134,1
135,1
136,1
137,1
138,0
139,1
140,1
141,1
142,1
143,1
144,1
145,1
146,1
147,1
148,0
149,0
150,0
151,1
152,0
153,1
154,1
155,0
156,1
157,1
158,1
159,0
160,0
161,0
162,0
163,1
164,0
165,1
166,0
167,1
168,0
169,1
170,0
171,1
172,1
173,1
174,1
175,1
176,1
177,0
178,0
179,0
180,1
181,0
182,1
183,1
184,1
185,0
186,1
187,1
188,0
189,0
190,0
191,1
192,1
193,0
194,1
195,0
196,1
197,1
198,0
199,0
200,1
201,0
202,1
203,0
204,1
205,1
206,0
207,1
208,0
209,0
210,1
211,0
212,1
213,0
214,1
215,0
216,1
217,1
218,1
219,0
220,0
221,1
222,0
223,0
224,0
225,0
226,0
227,0
228,0
229,0
230,0
231,1
232,1
233,0
234,1
235,1
236,1
237,0
238,0
239,0
240,0
241,1
242,1
243,0
244,1
245,1
246,1
247,0
248,1
249,0
250,0
251,1
252,1
253,1
254,0
255,1
256,0
257,0
258,0
259,1
260,0
261,1
262,1
263,0
264,0
265,1
266,1
267,1
268,1
269,0
270,0
271,1
272,0
273,0
274,1
275,0
276,1
277,0
278,1
279,1
280,1
281,1
282,1
283,0
284,1
285,1
286,0
287,0
288,0
289,1
290,1
291,1
292,0
293,1
294,0
295,0
296,0
297,1
298,1
299,0
300,1
301,1
302,1
303,0
304,1
305,1
306,0
307,0
308,1
309,1
310,0
311,1
312,0
313,1
314,0
315,0
316,1
317,1
318,0
319,1
320,0
321,0
322,0
323,1
324,0
325,1
326,0
327,1
328,1
329,0
330,0
331,0
332,1
333,1
334,0
335,1
336,1
337,0
338,1
339,1
340,0
341,0
342,1
343,1
344,0
345,1
346,0
347,1
348,1
349,1
350,1
351,1
352,1
353,0
354,1
355,0
356,1
357,1
358,0
359,0
360,0
361,1
362,0
363,1
364,1
365,0
366,1
367,0
368,1
369,1
370,0
371,0
372,0
373,1
374,0
375,1
376,0
377,1
378,0
379,0
380,1
381,1
382,0
383,0
384,1
385,1
386,0
387,1
388,0
389,1
390,1
391,0
392,0
393,0
394,1
395,1
396,1
397,0
398,1
399,1
400,1
401,0
402,1
403,1
404,1
405,0
406,0
407,1
408,0
409,0
410,0
411,0
412,1
413,1
414,0
415,1
416,1
417,1
418,0
419,1
420,1
421,1
422,0
423,0
424,1
425,0
426,1
427,1
428,1
429,0
430,1
431,0
432,0
433,1
434,0
435,1
436,0
437,0
438,0
439,0
440,1
441,1
442,0
443,1
444,1
445,0
446,1
447,0
448,1
449,0
450,0
451,0
452,1
453,1
454,1
455,0
456,1
457,1
458,1
459,1
460,1
461,0
462,0
463,0
464,0
465,1
466,1
467,0
468,1
469,1
470,1
471,0
472,0
473,1
474,1
475,0
476,0
477,1
478,1
479,0
480,0
481,1
482,1
483,1
484,0
485,0
486,1
487,0
488,0
489,1
490,1
491,0
492,1
493,0
494,0
495,1
496,0
497,0
498,0
499,1
500,0
501,1
502,0
503,1
504,0
505,0
506,0
507,1
508,0
509,0
510,1
511,1
512,0
513,0
514,0
515,1
516,1
517,0
518,1
519,1
520,0
521,1
522,0
523,1
524,0
525,0
526,1
527,1
528,1
529,1
530,1
531,1
532,0
533,1
534,1
535,0
536,1
537,0
538,0
539,1
540,0
541,1
542,0
543,0
544,1
545,1
546,1
547,1
548,1
549,0
550,0
551,1
552,1
553,1
554,1
555,1
556,0
557,1
558,1
559,1
560,1
561,1
562,1
563,1
564,0
565,0
566,0
567,1
568,1
569,1
570,0
571,1
572,1
573,1
574,0
575,0
576,0
577,1
578,0
579,1
580,0
581,0
582,0
583,0
584,1
585,1
586,0
587,0
588,1
589,1
590,1
591,1
592,0
593,0
594,1
595,1
596,1
597,1
598,1
599,1
600,0
601,0
602,0
603,0
604,1
605,1
606,0
607,1
608,0
609,1
610,1
611,1
612,1
613,1
614,0
615,0
616,0
617,0
618,1
619,1
620,1
621,0
622,1
623,0
624,1
625,0
626,1
627,0
628,1
629,1
630,0
631,0
632,0
633,1
634,0
635,0
636,0
637,1
638,1
639,1
640,1
641,0
642,1
643,1
644,0
645,1
646,1
647,0
648,0
649,1
650,1
651,1
652,1
653,0
654,1
655,1
656,1
657,0
658,1
659,1
660,1
661,1
662,1
663,1
664,1
665,0
666,1
667,0
668,0
669,0
670,1
671,1
672,1
673,0
674,1
675,1
676,1
677,1
678,0
679,1
680,1
681,1
682,1
683,1
684,0
685,1
686,1
687,1
688,1
689,1
690,1
691,0
692,1
693,1
694,0
695,1
696,0
697,0
698,1
699,1
700,1
701,0
702,0
703,1
704,0
705,1
706,1
707,1
708,0
709,0
710,1
711,1
712,0
713,1
714,0
715,0
716,1
717,1
718,1
719,0
720,0
721,1
722,0
723,0
724,1
725,1
726,0
727,0
728,1
729,1
730,1
731,0
732,0
733,1
734,1
735,1
736,1
737,0
738,0
739,0
740,1
741,1
742,1
743,0
744,0
745,0
746,0
747,1
748,1
749,1
750,0
751,0
752,0
753,1
754,1
755,0
756,1
757,0
758,0
759,1
760,1
761,1
762,0
763,1
764,1
765,1
766,0
767,0
768,0
769,1
770,1
771,0
772,0
773,1
774,0
775,0
776,0
777,1
778,1
779,1
780,0
781,1
782,0
783,1
784,1
785,0
786,0
787,1
788,1
789,0
790,1
791,0
792,0
793,0
794,1
795,0
796,0
797,1
798,1
799,0
800,0
801,0
802,1
803,1
804,1
805,0
806,1
807,1
808,0
809,0
810,0
811,1
812,0
813,1
814,1
815,1
816,1
817,1
818,1
819,0
820,0
821,1
822,0
823,0
824,1
825,1
826,1
827,1
828,1
829,0
830,0
831,0
832,1
833,0
834,1
835,0
836,0
837,1
838,1
839,1
840,0
841,1
842,1
843,0
844,0
845,0
846,0
847,0
848,1
849,0
850,0
851,0
852,1
853,1
854,0
855,0
856,1
857,0
858,1
859,1
860,0
861,0
862,1
863,1
864,1
865,0
866,1
867,0
868,1
869,1
870,0
871,0
872,1
873,0
874,1
875,0
876,0
877,1
878,1
879,1
880,1
881,0
882,0
883,1
884,1
885,0
886,1
887,1
888,1
889,0
890,0
891,0
892,1
893,1
894,1
895,0
896,1
897,0
898,1
899,0
900,0
901,1
902,1
903,0
904,1
905,0
906,1
907,1
908,1
909,0
910,1
911,1
912,0
913,1
914,1
915,0
916,1
917,1
918,1
919,1
920,1
921,1
922,0
923,1
924,1
925,0
926,1
927,0
928,0
929,0
930,1
931,1
932,1
933,1
934,1
935,1
936,0
937,1
938,0
939,0
940,1
941,0
942,1
943,0
944,1
945,0
946,1
947,0
948,1
949,1
950,1
951,1
952,1
953,1
954,0
955,0
956,1
957,1
958,0
959,0
960,1
961,0
962,0
963,0
964,1
965,0
966,0
967,0
968,0
969,0
970,0
971,1
972,0
973,0
974,1
975,0
976,1
977,1
978,1
979,0
980,0
981,1
982,1
983,1
984,1
985,1
986,0
987,1
988,1
989,0
990,0
991,1
992,1
993,1
994,0
995,1
996,1
997,0
998,0
999,1
1000,1
1001,0
1002,0
1003,1
1004,0
1005,0
1006,1
1007,0
1008,0
1009,1
1010,0
1011,1
1012,1
1013,1
1014,0
1015,1
1016,1
1017,1
1018,0
1019,0
1020,0
1021,0
1022,0
1023,1
1024,1
1025,0
1026,0
1027,0
1028,1
1029,0
1030,1
1031,1
1032,0
1033,0
1034,1
1035,0
1036,1
1037,0
1038,0
1039,0
1040,1
1041,0
1042,1
1043,0
1044,1
1045,0
1046,1
1047,1
1048,1
1049,1
1050,0
1051,1
1052,1
1053,0
1054,1
1055,1
1056,1
1057,1
1058,1
1059,1
1060,0
1061,1
1062,0
1063,1
1064,1
1065,1
1066,0
1067,1
1068,1
1069,1
1070,0
1071,1
1072,0
1073,0
1074,0
1075,0
1076,0
1077,1
1078,0
1079,0
1080,1
1081,0
1082,0
1083,1
1084,0
1085,1
1086,0
1087,0
1088,0
1089,0
1090,1
1091,1
1092,1
1093,0
1094,1
1095,1
1096,1
1097,0
1098,1
1099,0
1100,1
1101,1
1102,0
1103,0
1104,1
1105,1
1106,1
1107,1
1108,1
1109,1
1110,0
1111,1
1112,1
1113,0
1114,1
1115,1
1116,0
1117,0
1118,0
1119,0
1120,0
1121,1
1122,0
1123,1
1124,0
1125,1
1126,0
1127,0
1128,1
1129,0
1130,0
1131,1
1132,0
1133,0
1134,1
1135,1
1136,1
1137,1
1138,1
1139,1
1140,0
1141,0
1142,0
1143,0
1144,1
1145,1
1146,0
1147,0
1148,1
1149,0
1150,0
1151,0
1152,1
1153,1
1154,1
1155,0
1156,0
1157,0
1158,0
1159,0
1160,1
1161,1
1162,1
1163,0
1164,0
1165,1
1166,0
1167,1
1168,1
1169,0
1170,1
1171,1
1172,1
1173,1
1174,1
1175,0
1176,1
1177,1
1178,1
1179,1
1180,0
1181,1
1182,0
1183,1
1184,1
1185,1
1186,1
1187,0
1188,1
1189,1
1190,1
1191,1
1192,1
1193,0
1194,1
1195,0
1196,0
1197,1
1198,1
1199,0
1200,0
1201,1
1202,1
1203,1
1204,0
1205,1
1206,1
1207,0
1208,0
1209,1
1210,1
1211,1
1212,1
1213,0
1214,1
1215,1
1216,1
1217,0
1218,0
1219,0
1220,0
1221,1
1222,1
1223,0
1224,1
1225,1
1226,0
1227,1
1228,0
1229,0
1230,1
1231,1
1232,0
1233,1
1234,1
1235,1
1236,0
1237,1
1238,1
1239,0
1240,1
1241,0
1242,0
1243,1
1244,0
1245,1
1246,0
1247,1
1248,1
1249,0
1250,1
1251,0
1252,1
1253,0
1254,0
1255,1
1256,1
1257,0
1258,0
1259,1
1260,1
1261,0
1262,0
1263,1
1264,1
1265,0
1266,1
1267,1
1268,1
1269,0
1270,0
1271,1
1272,1
1273,0
1274,1
1275,1
1276,0
1277,1
1278,0
1279,0
1280,1
1281,0
1282,0
1283,1
1284,0
1285,1
1286,1
1287,1
1288,0
1289,0
1290,1
1291,1
1292,1
1293,0
1294,1
1295,1
1296,1
1297,0
1298,1
1299,0
1300,0
1301,1
1302,1
1303,0
1304,1
1305,1
1306,0
1307,0
1308,0
1309,0
1310,0
1311,0
1312,0
1313,0
1314,1
1315,0
1316,1
1317,1
1318,0
1319,0
1320,1
1321,1
1322,1
1323,0
1324,0
1325,0
1326,1
1327,0
1328,0
1329,1
1330,0
1331,1
1332,1
1333,0
1334,1
1335,0
1336,0
1337,0
1338,1
1339,1
1340,0
1341,0
1342,1
1343,0
1344,1
1345,1
1346,1
1347,0
1348,0
1349,1
1350,1
1351,1
1352,1
1353,0
1354,0
1355,1
1356,0
1357,0
1358,1
1359,1
1360,1
1361,0
1362,0
1363,0
1364,0
1365,1
1366,1
1367,1
1368,1
1369,0
1370,1
1371,0
1372,1
1373,1
1374,1
1375,1
1376,0
1377,0
1378,0
1379,0
1380,1
1381,0
1382,1
1383,0
1384,1
1385,0
1386,0
1387,0
1388,0
1389,0
1390,1
1391,1
1392,0
1393,0
1394,0
1395,1
1396,1
1397,1
1398,1
1399,0
1400,1
1401,0
1402,1
1403,0
1404,1
1405,1
1406,1
1407,1
1408,1
1409,1
1410,1
1411,1
1412,0
1413,0
1414,1
1415,0
1416,1
1417,0
1418,1
1419,1
1420,0
1421,1
1422,1
1423,0
1424,0
1425,1
1426,1
1427,0
1428,1
1429,1
1430,1
1431,0
1432,1
1433,1
1434,1
1435,1
1436,1
1437,1
1438,1
1439,0
1440,0
1441,1
1442,0
1443,1
1444,1
1445,1
1446,0
1447,1
1448,1
1449,1
1450,1
1451,1
1452,1
1453,1
1454,1
1455,1
1456,1
1457,1
1458,0
1459,1
1460,0
1461,0
1462,1
1463,0
1464,1
1465,1
1466,0
1467,0
1468,0
1469,1
1470,1
1471,0
1472,0
1473,1
1474,1
1475,1
1476,1
1477,0
1478,0
1479,0
1480,0
1481,1
1482,1
1483,1
1484,1
1485,1
1486,1
1487,1
1488,1
1489,0
1490,0
1491,1
1492,1
1493,1
1494,0
1495,0
1496,1
1497,0
1498,0
1499,0
1500,1
1501,1
1502,1
1503,1
1504,1
1505,1
1506,1
1507,0
1508,1
1509,1
1510,0
1511,0
1512,0
1513,0
1514,0
1515,1
1516,1
1517,1
1518,1
1519,0
1520,1
1521,1
1522,0
1523,0
1524,1
1525,0
1526,0
1527,1
1528,0
1529,1
1530,1
1531,1
1532,1
1533,1
1534,0
1535,1
1536,0
1537,0
1538,1
1539,1
1540,1
1541,0
1542,1
1543,0
1544,0
1545,0
1546,0
1547,1
1548,1
1549,0
1550,0
1551,1
1552,0
1553,1
1554,1
1555,1
1556,1
1557,1
1558,0
1559,0
1560,1
1561,0
1562,1
1563,1
1564,1
1565,0
1566,1
1567,1
1568,0
1569,0
1570,1
1571,1
1572,0
1573,1
1574,0
1575,0
1576,1
1577,1
1578,1
1579,1
1580,1
1581,1
1582,1
1583,0
1584,1
1585,0
1586,1
1587,0
1588,1
1589,0
1590,1
1591,1
1592,1
1593,0
1594,1
1595,0
1596,1
1597,1
1598,1
1599,0
1600,1
1601,0
1602,0
1603,1
1604,0
1605,1
1606,0
1607,0
1608,0
1609,0
1610,0
1611,0
1612,1
1613,1
1614,1
1615,1
1616,0
1617,1
1618,1
1619,0
1620,1
1621,0
1622,0
1623,1
1624,1
1625,1
1626,1
1627,1
1628,0
1629,1
1630,0
1631,1
1632,1
1633,1
1634,1
1635,1
1636,0
1637,1
1638,0
1639,0
1640,0
1641,0
1642,1
1643,1
1644,0
1645,1
1646,1
1647,0
1648,0
1649,0
1650,1
1651,0
1652,0
1653,0
1654,0
1655,1
1656,1
1657,0
1658,1
1659,0
1660,1
1661,0
1662,0
1663,1
1664,1
1665,0
1666,0
1667,0
1668,1
1669,1
1670,1
1671,0
1672,1
1673,1
1674,0
1675,1
1676,1
1677,1
1678,1
1679,1
1680,1
1681,0
1682,1
1683,1
1684,0
1685,1
1686,0
1687,1
1688,1
1689,0
1690,1
1691,0
1692,1
1693,1
1694,0
1695,0
1696,0
1697,1
1698,0
1699,0
1700,1
1701,0
1702,1
1703,0
1704,0
1705,1
1706,0
1707,0
1708,1
1709,0
1710,1
1711,1
1712,1
1713,0
1714,0
1715,1
1716,1
1717,0
1718,0
1719,0
1720,1
1721,0
1722,1
1723,0
1724,0
1725,1
1726,0
1727,0
1728,1
1729,0
1730,0
1731,1
1732,1
1733,1
1734,0
1735,0
1736,0
1737,0
1738,1
1739,1
1740,1
1741,0
1742,0
1743,1
1744,1
1745,1
1746,1
1747,0
1748,1
1749,0
1750,1
1751,1
1752,1
1753,1
1754,0
1755,1
1756,1
1757,0
1758,0
1759,1
1760,0
1761,0
1762,1
1763,1
1764,1
1765,0
1766,1
1767,1
1768,1
1769,1
1770,1
1771,1
1772,1
1773,1
1774,1
1775,0
1776,0
1777,1
1778,1
1779,0
1780,1
1781,0
1782,1
1783,0
1784,1
1785,1
1786,1
1787,0
1788,0
1789,1
1790,1
1791,0
1792,1
1793,1
1794,1
1795,0
1796,1
1797,1
1798,1
1799,1
1800,1
1801,0
1802,0
1803,1
1804,0
1805,1
1806,0
1807,1
1808,0
1809,1
1810,0
1811,0
1812,1
1813,0
1814,0
1815,1
1816,1
1817,0
1818,0
1819,0
1820,1
1821,0
1822,0
1823,1
1824,1
1825,0
1826,0
1827,1
1828,0
1829,1
1830,1
1831,0
1832,0
1833,1
1834,1
1835,1
1836,0
1837,1
1838,1
1839,1
1840,0
1841,1
1842,0
1843,1
1844,1
1845,0
1846,1
1847,0
1848,1
1849,1
1850,1
1851,0
1852,0
1853,0
1854,1
1855,0
1856,1
1857,1
1858,0
1859,0
1860,0
1861,1
1862,1
1863,1
1864,1
1865,1
1866,1
1867,1
1868,1
1869,1
1870,0
1871,1
1872,1
1873,0
1874,1
1875,1
1876,1
1877,0
1878,0
1879,0
1880,1
1881,1
1882,1
1883,0
1884,0
1885,0
1886,1
1887,0
1888,1
1889,0
1890,0
1891,0
1892,1
1893,1
1894,1
1895,0
1896,0
1897,1
1898,0
1899,0
1900,1
1901,0
1902,1
1903,1
1904,1
1905,1
1906,1
1907,1
1908,0
1909,0
1910,1
1911,1
1912,1
1913,0
1914,0
1915,1
1916,1
1917,1
1918,0
1919,0
1920,1
1921,0
1922,0
1923,1
1924,1
1925,0
1926,1
1927,1
1928,1
1929,1
1930,1
1931,1
1932,0
1933,0
1934,0
1935,1
1936,1
1937,1
1938,1
1939,0
1940,0
1941,1
1942,1
1943,0
1944,0
1945,1
1946,1
1947,1
1948,1
1949,0
1950,0
1951,0
1952,1
1953,1
1954,0
1955,0
1956,0
1957,0
1958,1
1959,1
1960,0
1961,1
1962,1
1963,0
1964,0
1965,1
1966,0
1967,1
1968,1
1969,1
1970,1
1971,0
1972,0
1973,1
1974,1
1975,1
1976,1
1977,1
1978,0
1979,1
1980,1
1981,1
1982,0
1983,0
1984,0
1985,1
1986,0
1987,1
1988,1
1989,1
1990,1
1991,1
1992,0
1993,0
1994,1
1995,1
1996,1
1997,0
1998,1
1999,0
2000,0
2001,1
2002,0
2003,0
2004,0
2005,0
2006,0
2007,0
2008,1
2009,0
2010,0
2011,1
2012,0
2013,0
2014,1
2015,1
2016,0
2017,1
2018,0
2019,0
2020,1
2021,1
2022,0
2023,1
2024,1
2025,0
2026,1
2027,1
2028,0
2029,0
2030,0
2031,0
2032,1
2033,0
2034,0
2035,0
2036,0
2037,1
2038,0
2039,1
2040,1
2041,1
2042,1
2043,1
2044,0
2045,0
2046,0
2047,0
2048,1
2049,1
2050,1
2051,0
2052,0
2053,1
2054,0
2055,1
2056,1
2057,0
2058,1
2059,0
2060,0
2061,0
2062,1
2063,1
2064,1
2065,1
2066,1
2067,0
2068,0
2069,0
2070,0
2071,1
2072,0
2073,1
2074,1
2075,0
2076,0
2077,1
2078,0
2079,0
2080,1
2081,0
2082,1
2083,1
2084,1
2085,1
2086,0
2087,1
2088,0
2089,1
2090,1
2091,1
2092,0
2093,1
2094,1
2095,1
2096,1
2097,0
2098,1
2099,0
2100,1
2101,1
2102,1
2103,0
2104,0
2105,0
2106,1
2107,0
2108,0
2109,1
2110,0
2111,1
2112,0
2113,0
2114,1
2115,0
2116,1
2117,1
2118,0
2119,1
2120,0
2121,0
2122,0
2123,1
2124,1
2125,0
2126,0
2127,1
2128,1
2129,0
2130,1
2131,1
2132,1
2133,1
2134,0
2135,0
2136,0
2137,0
2138,1
2139,1
2140,1
2141,1
2142,0
2143,0
2144,1
2145,1
2146,1
2147,1
2148,0
2149,1
2150,0
2151,1
2152,1
2153,0
2154,1
2155,0
2156,0
2157,1
2158,1
2159,1
2160,1
2161,1
2162,0
2163,1
2164,0
2165,1
2166,0
2167,1
2168,0
2169,1
2170,1
2171,1
2172,0
2173,0
2174,1
2175,1
2176,1
2177,0
2178,1
2179,1
2180,1
2181,0
2182,0
2183,1
2184,0
2185,1
2186,0
2187,0
2188,1
2189,1
2190,0
2191,0
2192,0
2193,1
2194,1
2195,0
2196,0
2197,1
2198,1
2199,1
2200,1
2201,0
2202,1
2203,1
2204,1
2205,0
2206,0
2207,0
2208,1
2209,0
2210,1
2211,1
2212,1
2213,1
2214,1
2215,1
2216,1
2217,0
2218,0
2219,0
2220,1
2221,0
2222,1
2223,1
2224,1
2225,0
2226,0
2227,1
2228,1
2229,0
2230,1
2231,1
2232,1
2233,1
2234,0
2235,1
2236,1
2237,1
2238,1
2239,1
2240,0
2241,1
2242,0
2243,1
2244,0
2245,0
2246,1
2247,1
2248,1
2249,1
2250,0
2251,0
2252,1
2253,1
2254,1
2255,1
2256,0
2257,0
2258,1
2259,1
2260,1
2261,0
2262,1
2263,1
2264,0
2265,1
2266,1
2267,1
2268,1
2269,0
2270,0
2271,1
2272,1
2273,0
2274,1
2275,1
2276,0
2277,0
2278,0
2279,0
2280,1
2281,1
2282,0
2283,1
2284,1
2285,1
2286,0
2287,0
2288,1
2289,1
2290,1
2291,0
2292,1
2293,0
2294,1
2295,0
2296,1
2297,1
2298,1
2299,0
2300,1
2301,1
2302,1
2303,0
2304,1
2305,1
2306,0
2307,1
2308,0
2309,1
2310,0
2311,1
2312,1
2313,1
2314,1
2315,0
2316,0
2317,0
2318,1
2319,1
2320,1
2321,1
2322,1
2323,1
2324,1
2325,0
2326,1
2327,0
2328,0
2329,1
2330,1
2331,1
2332,1
2333,0
2334,0
2335,1
2336,1
2337,1
2338,1
2339,1
2340,0
2341,1
2342,0
2343,0
2344,1
2345,0
2346,0
2347,1
2348,0
2349,1
2350,1
2351,1
2352,1
2353,1
2354,0
2355,0
2356,1
2357,1
2358,1
2359,1
2360,0
2361,1
2362,1
2363,1
2364,0
2365,0
2366,0
2367,0
2368,0
2369,1
2370,0
2371,1
2372,0
2373,1
2374,0
2375,0
2376,1
2377,0
2378,1
2379,0
2380,1
2381,0
2382,0
2383,0
2384,1
2385,1
2386,0
2387,0
2388,0
2389,0
2390,1
2391,1
2392,1
2393,0
2394,0
2395,1
2396,0
2397,0
2398,1
2399,1
2400,1
2401,1
2402,1
2403,1
2404,1
2405,1
2406,0
2407,0
2408,0
2409,0
2410,1
2411,0
2412,0
2413,0
2414,1
2415,0
2416,0
2417,1
2418,0
2419,1
2420,1
2421,1
2422,1
2423,0
2424,0
2425,0
2426,0
2427,0
2428,1
2429,0
2430,1
2431,0
2432,1
2433,1
2434,1
2435,1
2436,0
2437,0
2438,1
2439,1
2440,1
2441,1
2442,1
2443,0
2444,1
2445,1
2446,1
2447,1
2448,1
2449,1
2450,1
2451,1
2452,0
2453,1
2454,1
2455,1
2456,0
2457,0
2458,1
2459,1
2460,1
2461,0
2462,1
2463,0
2464,0
2465,0
2466,0
2467,1
2468,0
2469,0
2470,1
2471,1
2472,0
2473,1
2474,1
2475,0
2476,0
2477,1
2478,1
2479,0
2480,0
2481,0
2482,0
2483,1
2484,1
2485,0
2486,1
2487,1
2488,0
2489,1
2490,1
2491,0
2492,1
2493,0
2494,1
2495,0
2496,0
2497,0
2498,1
2499,1
2500,1
2501,1
2502,1
2503,0
2504,1
2505,1
2506,1
2507,1
2508,1
2509,1
2510,1
2511,1
2512,0
2513,1
2514,0
2515,1
2516,1
2517,0
2518,1
2519,0
2520,0
2521,1
2522,1
2523,0
2524,0
2525,0
2526,1
2527,0
2528,0
2529,0
2530,0
2531,0
2532,1
2533,1
2534,1
2535,0
2536,1
2537,0
2538,0
2539,1
2540,0
2541,0
2542,1
2543,0
2544,1
2545,0
2546,1
2547,1
2548,0
2549,0
2550,0
2551,1
2552,0
2553,1
2554,0
2555,1
2556,1
2557,0
2558,1
2559,0
2560,0
2561,1
2562,0
2563,1
2564,0
2565,1
2566,0
2567,1
2568,1
2569,1
2570,1
2571,1
2572,0
2573,1
2574,1
2575,1
2576,0
2577,0
2578,1
2579,0
2580,1
2581,0
2582,0
2583,1
2584,1
2585,0
2586,0
2587,0
2588,1
2589,1
2590,1
2591,0
2592,0
2593,1
2594,1
2595,0
2596,0
2597,1
2598,0
2599,1
2600,1
2601,0
2602,1
2603,1
2604,0
2605,1
2606,1
2607,0
2608,0
2609,0
2610,0
2611,1
2612,1
2613,1
2614,1
2615,0
2616,1
2617,0
2618,0
2619,0
2620,1
2621,1
2622,1
2623,1
2624,1
2625,0
2626,0
2627,1
2628,0
2629,1
2630,0
2631,1
2632,0
2633,0
2634,1
2635,0
2636,1
2637,1
2638,1
2639,1
2640,1
2641,0
2642,1
2643,1
2644,0
2645,0
2646,1
2647,0
2648,0
2649,1
2650,1
2651,1
2652,1
2653,0
2654,1
2655,1
2656,1
2657,0
2658,1
2659,1
2660,1
2661,1
2662,0
2663,1
2664,1
2665,1
2666,0
2667,0
2668,0
2669,0
2670,0
2671,1
2672,1
2673,0
2674,0
2675,1
2676,1
2677,1
2678,0
2679,1
2680,0
2681,1
2682,1
2683,0
2684,1
2685,0
2686,1
2687,1
2688,0
2689,0
2690,1
2691,1
2692,1
2693,0
2694,1
2695,0
2696,0
2697,0
2698,1
2699,0
2700,0
2701,1
2702,0
2703,1
2704,0
2705,1
2706,1
2707,0
2708,0
2709,0
2710,0
2711,1
2712,0
2713,1
2714,0
2715,1
2716,1
2717,0
2718,1
2719,1
2720,1
2721,0
2722,1
2723,1
2724,1
2725,0
2726,1
2727,0
2728,0
2729,1
2730,1
2731,1
2732,0
2733,1
2734,0
2735,0
2736,1
2737,0
2738,1
2739,1
2740,0
2741,0
2742,1
2743,1
2744,0
2745,1
2746,0
2747,1
2748,0
2749,1
2750,0
2751,0
2752,0
2753,0
2754,1
2755,0
2756,0
2757,1
2758,1
2759,1
2760,0
2761,0
2762,0
2763,1
2764,0
2765,0
2766,0
2767,0
2768,1
2769,1
2770,0
2771,1
2772,0
2773,0
2774,1
2775,0
2776,0
2777,0
2778,1
2779,1
2780,1
2781,0
2782,1
2783,1
2784,1
2785,1
2786,1
2787,0
2788,1
2789,0
2790,1
2791,0
2792,0
2793,1
2794,1
2795,1
2796,1
2797,0
2798,0
2799,0
2800,1
2801,0
2802,1
2803,0
2804,0
2805,1
2806,1
2807,0
2808,1
2809,0
2810,0
2811,0
2812,0
2813,0
2814,1
2815,1
2816,1
2817,1
2818,0
2819,0
2820,1
2821,0
2822,0
2823,0
2824,1
2825,1
2826,1
2827,0
2828,0
2829,0
2830,1
2831,1
2832,1
2833,1
2834,1
2835,0
2836,0
2837,1
2838,1
2839,0
2840,1
2841,0
2842,0
2843,0
2844,1
2845,0
2846,1
2847,0
2848,0
2849,0
2850,1
2851,0
2852,1
2853,1
2854,0
2855,0
2856,1
2857,0
2858,1
2859,0
2860,1
2861,0
2862,1
2863,1
2864,1
2865,1
2866,1
2867,0
2868,1
2869,1
2870,1
2871,1
2872,1
2873,0
2874,1
2875,1
2876,1
2877,1
2878,1
2879,1
2880,1
2881,0
2882,1
2883,0
2884,0
2885,1
2886,0
2887,0
2888,0
2889,1
2890,0
2891,1
2892,0
2893,0
2894,0
2895,1
2896,1
2897,1
2898,0
2899,1
2900,0
2901,0
2902,0
2903,0
2904,1
2905,1
2906,1
2907,0
2908,1
2909,1
2910,1
2911,0
2912,0
2913,1
2914,1
2915,0
2916,1
2917,0
2918,1
2919,1
2920,1
2921,1
2922,0
2923,1
2924,1
2925,0
2926,0
2927,0
2928,1
2929,1
2930,1
2931,0
2932,1
2933,0
2934,1
2935,0
2936,0
2937,0
2938,1
2939,0
2940,1
2941,1
2942,0
2943,1
2944,1
2945,0
2946,0
2947,1
2948,1
2949,0
2950,1
2951,0
2952,1
2953,0
2954,1
2955,0
2956,0
2957,0
2958,1
2959,1
2960,1
2961,0
2962,1
2963,0
2964,0
2965,1
2966,0
2967,0
2968,1
2969,1
2970,1
2971,1
2972,1
2973,0
2974,1
2975,0
2976,0
2977,1
2978,1
2979,1
2980,0
2981,0
2982,1
2983,0
2984,1
2985,1
2986,0
2987,0
2988,0
2989,0
2990,0
2991,1
2992,0
2993,1
2994,0
2995,1
2996,1
2997,1
2998,0
2999,0
3000,0
3001,1
3002,1
3003,1
3004,1
3005,0
3006,1
3007,1
3008,1
3009,1
3010,0
3011,1
3012,1
3013,1
3014,0
3015,0
3016,0
3017,1
3018,1
3019,0
3020,0
3021,0
3022,1
3023,1
3024,1
3025,1
3026,0
3027,1
3028,1
3029,1
3030,0
3031,1
3032,1
3033,0
3034,1
3035,0
3036,1
3037,0
3038,0
3039,1
3040,1
3041,1
3042,1
3043,1
3044,0
3045,1
3046,1
3047,1
3048,1
3049,1
3050,1
3051,0
3052,0
3053,1
3054,1
3055,0
3056,1
3057,1
3058,1
3059,1
3060,0
3061,0
3062,1
3063,0
3064,1
3065,0
3066,0
3067,0
3068,1
3069,0
3070,0
3071,1
3072,1
3073,1
3074,1
3075,0
3076,1
3077,0
3078,1
3079,1
3080,0
3081,1
3082,1
3083,1
3084,1
3085,0
3086,1
3087,0
3088,1
3089,1
3090,0
3091,0
3092,0
3093,1
3094,0
3095,1
3096,1
3097,1
3098,0
3099,1
3100,1
3101,1
3102,0
3103,0
3104,1
3105,1
3106,1
3107,1
3108,0
3109,0
3110,1
3111,0
3112,0
3113,1
3114,0
3115,0
3116,1
3117,0
3118,1
3119,0
3120,0
3121,0
3122,1
3123,1
3124,1
3125,0
3126,1
3127,0
3128,1
3129,0
3130,1
3131,0
3132,0
3133,1
3134,1
3135,0
3136,0
3137,0
3138,1
3139,0
3140,1
3141,0
3142,0
3143,0
3144,1
3145,1
3146,0
3147,1
3148,1
3149,1
3150,1
3151,0
3152,1
3153,1
3154,1
3155,1
3156,1
3157,1
3158,1
3159,0
3160,1
3161,0
3162,1
3163,0
3164,0
3165,1
3166,1
3167,0
3168,1
3169,0
3170,1
3171,1
3172,1
3173,1
3174,1
3175,1
3176,1
3177,0
3178,0
3179,1
3180,0
3181,0
3182,0
3183,1
3184,1
3185,0
3186,0
3187,0
3188,0
3189,1
3190,0
3191,1
3192,0
3193,1
3194,1
3195,1
3196,1
3197,1
3198,1
3199,1
3200,1
3201,1
3202,1
3203,1
3204,1
3205,0
3206,1
3207,0
3208,1
3209,1
3210,0
3211,0
3212,1
3213,0
3214,1
3215,0
3216,0
3217,0
3218,0
3219,1
3220,0
3221,1
3222,1
3223,1
3224,1
3225,0
3226,1
3227,0
3228,0
3229,0
3230,1
3231,0
3232,1
3233,1
3234,0
3235,1
3236,0
3237,1
3238,0
3239,1
3240,0
3241,1
3242,0
3243,0
3244,0
3245,0
3246,1
3247,0
3248,1
3249,1
3250,0
3251,1
3252,0
3253,1
3254,1
3255,0
3256,0
3257,1
3258,1
3259,0
3260,1
3261,0
3262,0
3263,1
3264,0
3265,1
3266,0
3267,1
3268,0
3269,1
3270,0
3271,1
3272,1
3273,0
3274,1
3275,0
3276,0
3277,1
3278,1
3279,1
3280,1
3281,0
3282,1
3283,0
3284,1
3285,0
3286,1
3287,1
3288,0
3289,1
3290,1
3291,1
3292,0
3293,1
3294,0
3295,1
3296,0
3297,0
3298,0
3299,1
3300,0
3301,1
3302,1
3303,0
3304,0
3305,0
3306,0
3307,1
3308,0
3309,1
3310,1
3311,1
3312,0
3313,0
3314,1
3315,0
3316,0
3317,0
3318,0
3319,0
3320,1
3321,0
3322,1
3323,1
3324,0
3325,1
3326,1
3327,0
3328,0
3329,1
3330,1
3331,0
3332,0
3333,1
3334,1
3335,0
3336,1
3337,0
3338,1
3339,1
3340,1
3341,0
3342,1
3343,1
3344,1
3345,0
3346,1
3347,1
3348,1
3349,1
3350,1
3351,1
3352,0
3353,0
3354,1
3355,1
3356,0
3357,0
3358,1
3359,1
3360,1
3361,0
3362,1
3363,0
3364,0
3365,0
3366,1
3367,0
3368,1
3369,1
3370,1
3371,0
3372,0
3373,1
3374,1
3375,1
3376,0
3377,1
3378,0
3379,0
3380,1
3381,1
3382,1
3383,1
3384,1
3385,0
3386,0
3387,1
3388,0
3389,0
3390,1
3391,1
3392,0
3393,0
3394,0
3395,0
3396,1
3397,0
3398,1
3399,1
3400,0
3401,1
3402,0
3403,0
3404,0
3405,1
3406,1
3407,1
3408,0
3409,0
3410,1
3411,0
3412,1
3413,0
3414,1
3415,1
3416,1
3417,1
3418,1
3419,0
3420,1
3421,0
3422,1
3423,0
3424,1
3425,1
3426,0
3427,0
3428,1
3429,0
3430,1
3431,1
3432,1
3433,0
3434,0
3435,1
3436,0
3437,0
3438,0
3439,0
3440,1
3441,0
3442,0
3443,1
3444,0
3445,0
3446,1
3447,1
3448,0
3449,0
3450,0
3451,0
3452,0
3453,0
3454,1
3455,1
3456,1
3457,1
3458,0
3459,0
3460,1
3461,0
3462,1
3463,1
3464,1
3465,0
3466,1
3467,1
3468,1
3469,0
3470,1
3471,1
3472,1
3473,0
3474,0
3475,1
3476,1
3477,1
3478,1
3479,0
3480,0
3481,0
3482,1
3483,0
3484,0
3485,1
3486,1
3487,1
3488,1
3489,0
3490,1
3491,1
3492,1
3493,1
3494,0
3495,0
3496,1
3497,1
3498,1
3499,0
3500,1
3501,1
3502,1
3503,1
3504,0
3505,0
3506,0
3507,0
3508,0
3509,1
3510,1
3511,1
3512,1
3513,1
3514,1
3515,1
3516,0
3517,1
3518,1
3519,0
3520,0
3521,1
3522,1
3523,1
3524,0
3525,1
3526,0
3527,1
3528,0
3529,1
3530,1
3531,0
3532,1
3533,0
3534,1
3535,1
3536,1
3537,0
3538,1
3539,1
3540,1
3541,1
3542,1
3543,1
3544,0
3545,1
3546,0
3547,1
3548,1
3549,0
3550,1
3551,0
3552,1
3553,1
3554,1
3555,0
3556,1
3557,0
3558,1
3559,0
3560,0
3561,1
3562,1
3563,1
3564,0
3565,1
3566,1
3567,1
3568,0
3569,0
3570,0
3571,0
3572,1
3573,0
3574,0
3575,1
3576,1
3577,0
3578,1
3579,0
3580,0
3581,1
3582,1
3583,0
3584,0
3585,1
3586,1
3587,0
3588,1
3589,1
3590,1
3591,1
3592,1
3593,1
3594,1
3595,0
3596,1
3597,1
3598,1
3599,0
3600,0
3601,1
3602,0
3603,1
3604,1
3605,0
3606,1
3607,0
3608,1
3609,0
3610,1
3611,1
3612,0
3613,1
3614,1
3615,1
3616,0
3617,0
3618,0
3619,0
3620,0
3621,1
3622,0
3623,0
3624,1
3625,1
3626,0
3627,0
3628,0
3629,1
3630,1
3631,1
3632,1
3633,1
3634,1
3635,1
3636,0
3637,0
3638,0
3639,0
3640,0
3641,1
3642,1
3643,0
3644,1
3645,0
3646,1
3647,1
3648,0
3649,0
3650,0
3651,0
3652,1
3653,0
3654,0
3655,1
3656,0
3657,1
3658,1
3659,1
3660,0
3661,0
3662,0
3663,0
3664,1
3665,1
3666,0
3667,1
3668,1
3669,0
3670,0
3671,1
3672,1
3673,1
3674,1
3675,0
3676,0
3677,0
3678,0
3679,0
3680,1
3681,0
3682,0
3683,0
3684,0
3685,1
3686,0
3687,1
3688,0
3689,0
3690,0
3691,0
3692,0
3693,1
3694,1
3695,0
3696,1
3697,0
3698,0
3699,0
3700,0
3701,1
3702,1
3703,1
3704,0
3705,1
3706,1
3707,1
3708,0
3709,1
3710,1
3711,0
3712,0
3713,1
3714,1
3715,0
3716,1
3717,0
3718,0
3719,1
3720,1
3721,0
3722,1
3723,0
3724,1
3725,0
3726,1
3727,0
3728,1
3729,1
3730,1
3731,0
3732,0
3733,0
3734,0
3735,0
3736,0
3737,0
3738,0
3739,0
3740,0
3741,0
3742,0
3743,1
3744,0
3745,1
3746,1
3747,1
3748,0
3749,0
3750,0
3751,0
3752,1
3753,0
3754,0
3755,1
3756,1
3757,0
3758,0
3759,0
3760,0
3761,1
3762,0
3763,1
3764,1
3765,1
3766,1
3767,1
3768,0
3769,1
3770,1
3771,0
3772,0
3773,0
3774,1
3775,0
3776,1
3777,1
3778,0
3779,0
3780,1
3781,0
3782,1
3783,1
3784,0
3785,0
3786,0
3787,1
3788,0
3789,0
3790,1
3791,0
3792,1
3793,0
3794,1
3795,1
3796,0
3797,1
3798,0
3799,0
3800,1
3801,0
3802,0
3803,1
3804,1
3805,1
3806,0
3807,0
3808,0
3809,1
3810,0
3811,1
3812,0
3813,1
3814,0
3815,0
3816,0
3817,1
3818,1
3819,1
3820,1
3821,0
3822,0
3823,0
3824,1
3825,0
3826,1
3827,1
3828,1
3829,1
3830,0
3831,1
3832,1
3833,1
3834,1
3835,1
3836,0
3837,0
3838,0
3839,0
3840,0
3841,0
3842,1
3843,1
3844,1
3845,1
3846,0
3847,0
3848,1
3849,0
3850,1
3851,0
3852,1
3853,0
3854,1
3855,1
3856,1
3857,1
3858,1
3859,1
3860,0
3861,1
3862,0
3863,0
3864,0
3865,1
3866,0
3867,0
3868,1
3869,1
3870,1
3871,1
3872,1
3873,0
3874,0
3875,1
3876,0
3877,1
3878,1
3879,0
3880,1
3881,1
3882,1
3883,0
3884,1
3885,0
3886,1
3887,1
3888,1
3889,1
3890,1
3891,0
3892,1
3893,0
3894,1
3895,0
3896,0
3897,0
3898,0
3899,1
3900,0
3901,1
3902,0
3903,0
3904,1
3905,0
3906,0
3907,1
3908,1
3909,1
3910,0
3911,1
3912,1
3913,1
3914,0
3915,0
3916,0
3917,1
3918,0
3919,1
3920,1
3921,0
3922,0
3923,1
3924,0
3925,1
3926,1
3927,1
3928,0
3929,1
3930,1
3931,1
3932,0
3933,0
3934,1
3935,1
3936,1
3937,1
3938,1
3939,1
3940,0
3941,1
3942,1
3943,0
3944,0
3945,1
3946,0
3947,1
3948,1
3949,1
3950,1
3951,0
3952,0
3953,1
3954,0
3955,0
3956,1
3957,1
3958,1
3959,0
3960,1
3961,1
3962,1
3963,1
3964,0
3965,1
3966,1
3967,0
3968,0
3969,1
3970,0
3971,1
3972,1
3973,0
3974,0
3975,1
3976,1
3977,1
3978,0
3979,0
3980,1
3981,0
3982,0
3983,0
3984,0
3985,0
3986,0
3987,1
3988,0
3989,1
3990,1
3991,0
3992,1
3993,0
3994,1
3995,0
3996,0
3997,0
3998,1
3999,1
4000,1
4001,1
4002,0
4003,0
4004,1
4005,1
4006,0
4007,1
4008,1
4009,0
4010,0
4011,0
4012,1
4013,1
4014,1
4015,0
4016,1
4017,1
4018,0
4019,0
4020,0
4021,1
4022,0
4023,0
4024,1
4025,0
4026,1
4027,1
4028,0
4029,0
4030,0
4031,1
4032,1
4033,1
4034,1
4035,1
4036,0
4037,0
4038,1
4039,0
4040,1
4041,1
4042,1
4043,0
4044,0
4045,1
4046,1
4047,1
4048,1
4049,1
4050,1
4051,0
4052,0
4053,0
4054,1
4055,1
4056,1
4057,1
4058,0
4059,1
4060,1
4061,0
4062,0
4063,0
4064,1
4065,0
4066,1
4067,0
4068,0
4069,1
4070,1
4071,1
4072,0
4073,0
4074,1
4075,0
4076,0
4077,0
4078,1
4079,0
4080,1
4081,1
4082,0
4083,0
4084,1
4085,0
4086,0
4087,1
4088,1
4089,1
4090,1
4091,1
4092,1
4093,0
4094,0
4095,0
4096,0
4097,1
4098,0
4099,0
4100,1
4101,0
4102,0
4103,1
4104,1
4105,0
4106,0
4107,0
4108,0
4109,1
4110,1
4111,0
4112,0
4113,1
4114,0
4115,0
4116,1
4117,0
4118,1
4119,1
4120,0
4121,0
4122,1
4123,0
4124,0
4125,0
4126,0
4127,1
4128,0
4129,1
4130,0
4131,1
4132,1
4133,0
4134,0
4135,0
4136,0
4137,0
4138,1
4139,1
4140,1
4141,0
4142,0
4143,1
4144,1
4145,0
4146,1
4147,1
4148,0
4149,0
4150,0
4151,0
4152,0
4153,0
4154,1
4155,1
4156,0
4157,1
4158,1
4159,0
4160,0
4161,0
4162,1
4163,0
4164,1
4165,1
4166,1
4167,1
4168,1
4169,0
4170,1
4171,1
4172,0
4173,1
4174,1
4175,0
4176,1
4177,1
4178,1
4179,1
4180,0
4181,0
4182,0
4183,0
4184,1
4185,0
4186,0
4187,1
4188,1
4189,1
4190,0
4191,1
4192,1
4193,1
4194,1
4195,1
4196,1
4197,0
4198,0
4199,1
4200,1
4201,0
4202,1
4203,1
4204,1
4205,1
4206,1
4207,0
4208,0
4209,0
4210,1
4211,1
4212,1
4213,1
4214,1
4215,1
4216,1
4217,0
4218,1
4219,1
4220,1
4221,0
4222,1
4223,0
4224,1
4225,0
4226,0
4227,1
4228,1
4229,1
4230,1
4231,0
4232,1
4233,1
4234,0
4235,0
4236,1
4237,0
4238,0
4239,1
4240,1
4241,1
4242,1
4243,1
4244,1
4245,0
4246,1
4247,0
4248,1
4249,1
4250,0
4251,1
4252,1
4253,0
4254,1
4255,1
4256,1
4257,1
4258,0
4259,0
4260,0
4261,0
4262,1
4263,1
4264,1
4265,0
4266,1
4267,1
4268,0
4269,0
4270,0
4271,1
4272,1
4273,0
4274,1
4275,0
4276,1
4277,0
4278,1
4279,1
4280,0
4281,1
4282,1
4283,1
4284,0
4285,1
4286,1
4287,1
4288,1
4289,0
4290,1
4291,1
4292,1
4293,0
4294,0
4295,0
4296,1
4297,0
4298,0
4299,0
4300,1
4301,1
4302,0
4303,1
4304,1
4305,0
4306,1
4307,1
4308,0
4309,0
4310,1
4311,1
4312,0
4313,1
4314,1
4315,0
4316,0
4317,0
4318,1
4319,0
4320,0
4321,1
4322,1
4323,1
4324,0
4325,1
4326,0
4327,1
4328,0
4329,1
4330,0
4331,1
4332,1
4333,1
4334,0
4335,0
4336,1
4337,0
4338,0
4339,1
4340,1
4341,0
4342,0
4343,1
4344,1
4345,0
4346,1
4347,1
4348,1
4349,1
4350,1
4351,1
4352,1
4353,0
4354,1
4355,1
4356,1
4357,0
4358,0
4359,1
4360,0
4361,0
4362,0
4363,1
4364,0
4365,1
4366,1
4367,0
4368,1
4369,0
4370,1
4371,0
4372,0
4373,0
4374,0
4375,0
4376,1
4377,1
4378,0
4379,1
4380,0
4381,1
4382,1
4383,1
4384,0
4385,1
4386,1
4387,0
4388,0
4389,0
4390,1
4391,0
4392,1
4393,1
4394,0
4395,0
4396,1
4397,1
4398,1
4399,1
4400,1
4401,0
4402,1
4403,1
4404,1
4405,0
4406,0
4407,1
4408,1
4409,1
4410,0
4411,0
4412,1
4413,1
4414,1
4415,1
4416,1
4417,0
4418,1
4419,1
4420,1
4421,1
4422,1
4423,1
4424,1
4425,0
4426,1
4427,0
4428,1
4429,0
4430,0
4431,0
4432,0
4433,0
4434,0
4435,1
4436,0
4437,1
4438,1
4439,0
4440,0
4441,0
4442,1
4443,1
4444,1
4445,0
4446,1
4447,1
4448,0
4449,1
4450,0
4451,0
4452,0
4453,0
4454,0
4455,1
4456,1
4457,1
4458,0
4459,1
4460,0
4461,1
4462,0
4463,0
4464,1
4465,1
4466,1
4467,1
4468,0
4469,0
4470,1
4471,0
4472,0
4473,1
4474,1
4475,1
4476,1
4477,0
4478,1
4479,0
4480,1
4481,0
4482,1
4483,0
4484,0
4485,1
4486,0
4487,0
4488,1
4489,0
4490,1
4491,1
4492,0
4493,0
4494,0
4495,0
4496,1
4497,1
4498,0
4499,0
4500,1
4501,1
4502,0
4503,0
4504,0
4505,1
4506,0
4507,1
4508,1
4509,1
4510,0
4511,0
4512,1
4513,1
4514,0
4515,1
4516,1
4517,0
4518,0
4519,1
4520,1
4521,1
4522,1
4523,0
4524,0
4525,1
4526,0
4527,0
4528,1
4529,0
4530,0
4531,0
4532,1
4533,0
4534,1
4535,1
4536,0
4537,1
4538,0
4539,1
4540,1
4541,0
4542,1
4543,1
4544,1
4545,1
4546,1
4547,0
4548,1
4549,0
4550,1
4551,1
4552,1
4553,0
4554,0
4555,1
4556,1
4557,1
4558,0
4559,0
4560,1
4561,0
4562,1
4563,0
4564,1
4565,1
4566,0
4567,1
4568,1
4569,1
4570,1
4571,1
4572,0
4573,1
4574,0
4575,1
4576,1
4577,1
4578,0
4579,0
4580,0
4581,0
4582,0
4583,0
4584,1
4585,0
4586,1
4587,0
4588,1
4589,1
4590,1
4591,1
4592,0
4593,0
4594,0
4595,0
4596,0
4597,1
4598,1
4599,1
4600,1
4601,0
4602,1
4603,0
4604,1
4605,1
4606,0
4607,0
4608,1
4609,0
4610,1
4611,0
4612,0
4613,0
4614,1
4615,1
4616,0
4617,0
4618,1
4619,0
4620,1
4621,1
4622,0
4623,0
4624,1
4625,1
4626,1
4627,1
4628,1
4629,1
4630,1
4631,1
4632,0
4633,1
4634,1
4635,1
4636,1
4637,1
4638,1
4639,1
4640,1
4641,1
4642,0
4643,1
4644,0
4645,1
4646,0
4647,0
4648,0
4649,1
4650,0
4651,0
4652,0
4653,1
4654,1
4655,0
4656,1
4657,1
4658,0
4659,1
4660,0
4661,1
4662,1
4663,1
4664,0
4665,1
4666,0
4667,0
4668,0
4669,1
4670,1
4671,0
4672,1
4673,1
4674,0
4675,1
4676,0
4677,0
4678,0
4679,1
4680,1
4681,1
4682,1
4683,1
4684,1
4685,0
4686,0
4687,0
4688,1
4689,1
4690,0
4691,1
4692,1
4693,0
4694,1
4695,1
4696,1
4697,0
4698,1
4699,0
4700,1
4701,1
4702,0
4703,1
4704,0
4705,0
4706,0
4707,1
4708,1
4709,1
4710,1
4711,1
4712,1
4713,1
4714,0
4715,1
4716,1
4717,1
4718,1
4719,0
4720,0
4721,0
4722,0
4723,1
4724,1
4725,1
4726,1
4727,1
4728,1
4729,1
4730,1
4731,0
4732,1
4733,0
4734,1
4735,0
4736,1
4737,0
4738,1
4739,0
4740,0
4741,1
4742,0
4743,1
4744,1
4745,0
4746,1
4747,0
4748,1
4749,1
4750,0
4751,0
4752,1
4753,1
4754,0
4755,0
4756,0
4757,0
4758,0
4759,1
4760,1
4761,1
4762,0
4763,1
4764,1
4765,1
4766,0
4767,0
4768,0
4769,0
4770,0
4771,1
4772,1
4773,0
4774,0
4775,1
4776,1
4777,1
4778,0
4779,0
4780,1
4781,0
4782,0
4783,0
4784,0
4785,0
4786,1
4787,0
4788,0
4789,1
4790,0
4791,0
4792,1
4793,1
4794,1
4795,0
4796,0
4797,0
4798,1
4799,0
4800,0
4801,1
4802,0
4803,0
4804,0
4805,1
4806,0
4807,1
4808,0
4809,0
4810,1
4811,1
4812,1
4813,1
4814,1
4815,0
4816,0
4817,0
4818,1
4819,1
4820,1
4821,1
4822,0
4823,1
4824,0
4825,0
4826,1
4827,0
4828,1
4829,1
4830,1
4831,1
4832,1
4833,1
4834,1
4835,0
4836,1
4837,1
4838,1
4839,0
4840,0
4841,1
4842,0
4843,1
4844,0
4845,0
4846,1
4847,0
4848,0
4849,1
4850,1
4851,1
4852,1
4853,1
4854,0
4855,1
4856,1
4857,1
4858,0
4859,1
4860,0
4861,0
4862,0
4863,1
4864,0
4865,0
4866,1
4867,1
4868,1
4869,0
4870,1
4871,1
4872,0
4873,0
4874,0
4875,1
4876,0
4877,1
4878,1
4879,1
4880,1
4881,1
4882,0
4883,0
4884,1
4885,0
4886,0
4887,0
4888,1
4889,1
4890,1
4891,1
4892,1
4893,1
4894,1
4895,1
4896,0
4897,1
4898,0
4899,1
4900,1
4901,0
4902,0
4903,1
4904,1
4905,0
4906,0
4907,1
4908,1
4909,0
4910,0
4911,0
4912,0
4913,0
4914,1
4915,1
4916,1
4917,1
4918,0
4919,0
4920,1
4921,1
4922,0
4923,1
4924,1
4925,1
4926,1
4927,0
4928,1
4929,1
4930,1
4931,0
4932,1
4933,1
4934,1
4935,0
4936,1
4937,1
4938,0
4939,0
4940,0
4941,0
4942,1
4943,1
4944,0
4945,0
4946,0
4947,1
4948,0
4949,1
4950,1
4951,1
4952,0
4953,0
4954,0
4955,1
4956,0
4957,1
4958,1
4959,0
4960,1
4961,0
4962,1
4963,1
4964,0
4965,1
4966,1
4967,0
4968,0
4969,0
4970,1
4971,1
4972,0
4973,1
4974,0
4975,0
4976,0
4977,0
4978,0
4979,1
4980,0
4981,0
4982,0
4983,1
4984,1
4985,1
4986,0
4987,1
4988,1
4989,1
4990,1
4991,1
4992,1
4993,1
4994,0
4995,0
4996,0
4997,1
4998,0
4999,0
5000,0
5001,1
5002,1
5003,0
5004,1
5005,1
5006,0
5007,1
5008,0
5009,1
5010,1
5011,1
5012,1
5013,0
5014,0
5015,0
5016,1
5017,0
5018,0
5019,0
5020,1
5021,0
5022,0
5023,0
5024,0
5025,1
5026,1
5027,1
5028,1
5029,1
5030,0
5031,1
5032,0
5033,1
5034,0
5035,0
5036,0
5037,1
5038,0
5039,0
5040,0
5041,1
5042,1
5043,0
5044,1
5045,1
5046,0
5047,1
5048,0
5049,0
5050,0
5051,1
5052,1
5053,1
5054,1
5055,1
5056,1
5057,0
5058,1
5059,1
5060,0
5061,0
5062,1
5063,1
5064,1
5065,1
5066,1
5067,1
5068,0
5069,1
5070,1
5071,0
5072,1
5073,0
5074,0
5075,1
5076,0
5077,1
5078,0
5079,1
5080,1
5081,0
5082,0
5083,0
5084,1
5085,0
5086,0
5087,1
5088,0
5089,0
5090,1
5091,1
5092,1
5093,1
5094,1
5095,1
5096,0
5097,1
5098,1
5099,0
5100,0
5101,0
5102,0
5103,0
5104,0
5105,1
5106,1
5107,1
5108,0
5109,0
5110,0
5111,1
5112,1
5113,0
5114,1
5115,1
5116,1
5117,0
5118,0
5119,0
5120,0
5121,1
5122,0
5123,0
5124,0
5125,0
5126,0
5127,0
5128,0
5129,0
5130,1
5131,0
5132,0
5133,1
5134,0
5135,1
5136,1
5137,0
5138,0
5139,1
5140,0
5141,0
5142,1
5143,1
5144,1
5145,1
5146,0
5147,0
5148,0
5149,0
5150,1
5151,0
5152,0
5153,1
5154,1
5155,0
5156,1
5157,1
5158,1
5159,0
5160,0
5161,1
5162,0
5163,0
5164,0
5165,0
5166,0
5167,0
5168,1
5169,0
5170,0
5171,0
5172,0
5173,1
5174,1
5175,1
5176,0
5177,0
5178,1
5179,0
5180,1
5181,0
5182,0
5183,1
5184,1
5185,1
5186,1
5187,0
5188,1
5189,1
5190,1
5191,1
5192,0
5193,1
5194,0
5195,0
5196,0
5197,0
5198,1
5199,1
5200,0
5201,0
5202,1
5203,1
5204,0
5205,1
5206,0
5207,1
5208,1
5209,1
5210,1
5211,1
5212,0
5213,0
5214,1
5215,0
5216,1
5217,1
5218,0
5219,0
5220,1
5221,0
5222,1
5223,0
5224,1
5225,0
5226,1
5227,0
5228,1
5229,1
5230,0
5231,0
5232,0
5233,1
5234,1
5235,1
5236,0
5237,0
5238,1
5239,1
5240,0
5241,0
5242,1
5243,1
5244,0
5245,0
5246,1
5247,1
5248,0
5249,1
5250,1
5251,1
5252,0
5253,0
5254,0
5255,0
5256,0
5257,0
5258,0
5259,1
5260,0
5261,0
5262,1
5263,0
5264,1
5265,1
5266,1
5267,1
5268,1
5269,0
5270,1
5271,1
5272,1
5273,0
5274,1
5275,0
5276,1
5277,1
5278,0
5279,1
5280,1
5281,1
5282,1
5283,1
5284,1
5285,1
5286,0
5287,0
5288,1
5289,0
5290,1
5291,0
5292,0
5293,1
5294,0
5295,1
5296,0
5297,1
5298,0
5299,1
5300,1
5301,1
5302,1
5303,0
5304,0
5305,0
5306,0
5307,0
5308,1
5309,1
5310,0
5311,1
5312,1
5313,0
5314,1
5315,1
5316,1
5317,1
5318,0
5319,0
5320,0
5321,1
5322,1
5323,1
5324,1
5325,1
5326,1
5327,0
5328,1
5329,0
5330,0
5331,1
5332,1
5333,1
5334,0
5335,0
5336,1
5337,0
5338,0
5339,1
5340,0
5341,0
5342,1
5343,1
5344,1
5345,1
5346,0
5347,0
5348,1
5349,0
5350,1
5351,1
5352,1
5353,1
5354,0
5355,0
5356,1
5357,0
5358,0
5359,0
5360,1
5361,0
5362,1
5363,1
5364,0
5365,1
5366,0
5367,0
5368,1
5369,1
5370,1
5371,0
5372,1
5373,0
5374,1
5375,0
5376,1
5377,1
5378,1
5379,1
5380,0
5381,1
5382,1
5383,0
5384,0
5385,1
5386,1
5387,1
5388,0
5389,0
5390,0
5391,1
5392,0
5393,1
5394,0
5395,1
5396,0
5397,1
5398,1
5399,1
5400,1
5401,1
5402,0
5403,0
5404,1
5405,0
5406,1
5407,0
5408,1
5409,1
5410,1
5411,0
5412,1
5413,0
5414,1
5415,1
5416,0
5417,1
5418,0
5419,1
5420,0
5421,1
5422,1
5423,1
5424,1
5425,1
5426,0
5427,0
5428,1
5429,0
5430,0
5431,1
5432,1
5433,0
5434,1
5435,1
5436,1
5437,1
5438,1
5439,1
5440,0
5441,0
5442,1
5443,0
5444,0
5445,1
5446,1
5447,1
5448,0
5449,1
5450,0
5451,0
5452,1
5453,1
5454,1
5455,0
5456,1
5457,1
5458,0
5459,1
5460,0
5461,1
5462,1
5463,1
5464,0
5465,0
5466,0
5467,0
5468,1
5469,0
5470,1
5471,0
5472,1
5473,1
5474,1
5475,0
5476,0
5477,1
5478,0
5479,1
5480,1
5481,1
5482,1
5483,0
5484,1
5485,1
5486,1
5487,1
5488,0
5489,0
5490,0
5491,1
5492,0
5493,1
5494,1
5495,0
5496,0
5497,1
5498,1
5499,1
5500,0
5501,1
5502,0
5503,1
5504,0
5505,1
5506,1
5507,1
5508,1
5509,1
5510,0
5511,1
5512,0
5513,1
5514,1
5515,0
5516,1
5517,0
5518,0
5519,1
5520,0
5521,0
5522,1
5523,1
5524,1
5525,0
5526,1
5527,0
5528,0
5529,1
5530,1
5531,0
5532,1
5533,1
5534,1
5535,0
5536,0
5537,1
5538,1
5539,1
5540,1
5541,1
5542,0
5543,0
5544,1
5545,0
5546,1
5547,0
5548,1
5549,1
5550,0
5551,1
5552,0
5553,0
5554,0
5555,0
5556,0
5557,1
5558,1
5559,1
5560,1
5561,1
5562,1
5563,0
5564,0
5565,1
5566,0
5567,1
5568,0
5569,1
5570,1
5571,1
5572,0
5573,1
5574,1
5575,1
5576,0
5577,0
5578,1
5579,1
5580,1
5581,0
5582,1
5583,1
5584,1
5585,0
5586,1
5587,1
5588,0
5589,0
5590,0
5591,1
5592,0
5593,1
5594,1
5595,0
5596,1
5597,0
5598,1
5599,0
5600,0
5601,1
5602,1
5603,0
5604,1
5605,0
5606,1
5607,0
5608,1
5609,0
5610,0
5611,1
5612,1
5613,0
5614,0
5615,0
5616,0
5617,0
5618,1
5619,1
5620,1
5621,1
5622,0
5623,0
5624,1
5625,0
5626,0
5627,0
5628,1
5629,1
5630,1
5631,1
5632,0
5633,1
5634,1
5635,1
5636,1
5637,0
5638,1
5639,1
5640,0
5641,1
5642,0
5643,1
5644,1
5645,0
5646,0
5647,1
5648,1
5649,1
5650,1
5651,1
5652,0
5653,1
5654,0
5655,0
5656,0
5657,1
5658,1
5659,0
5660,0
5661,0
5662,1
5663,0
5664,0
5665,1
5666,1
5667,0
5668,1
5669,1
5670,1
5671,1
5672,0
5673,1
5674,1
5675,1
5676,1
5677,1
5678,1
5679,1
5680,0
5681,0
5682,0
5683,0
5684,0
5685,1
5686,1
5687,1
5688,1
5689,1
5690,1
5691,1
5692,1
5693,1
5694,1
5695,1
5696,1
5697,1
5698,0
5699,1
5700,0
5701,1
5702,1
5703,0
5704,1
5705,1
5706,0
5707,0
5708,0
5709,0
5710,1
5711,1
5712,0
5713,1
5714,1
5715,1
5716,0
5717,1
5718,1
5719,0
5720,1
5721,1
5722,1
5723,1
5724,1
5725,1
5726,0
5727,0
5728,0
5729,0
5730,1
5731,0
5732,1
5733,0
5734,1
5735,0
5736,0
5737,0
5738,1
5739,1
5740,1
5741,0
5742,1
5743,1
5744,0
5745,0
5746,1
5747,1
5748,1
5749,0
5750,1
5751,1
5752,0
5753,0
5754,1
5755,0
5756,0
5757,1
5758,0
5759,1
5760,1
5761,1
5762,1
5763,0
5764,0
5765,1
5766,1
5767,1
5768,0
5769,0
5770,1
5771,0
5772,0
5773,1
5774,0
5775,0
5776,1
5777,0
5778,1
5779,1
5780,1
5781,1
5782,0
5783,0
5784,1
5785,0
5786,0
5787,1
5788,1
5789,1
5790,1
5791,1
5792,0
5793,1
5794,0
5795,0
5796,0
5797,0
5798,0
5799,0
5800,1
5801,1
5802,0
5803,1
5804,0
5805,1
5806,1
5807,0
5808,1
5809,1
5810,0
5811,1
5812,1
5813,1
5814,1
5815,0
5816,1
5817,0
5818,1
5819,0
5820,1
5821,1
5822,0
5823,0
5824,1
5825,1
5826,1
5827,0
5828,0
5829,1
5830,0
5831,1
5832,1
5833,0
5834,0
5835,0
5836,1
5837,0
5838,0
5839,1
5840,0
5841,1
5842,1
5843,0
5844,0
5845,1
5846,0
5847,0
5848,1
5849,1
5850,1
5851,0
5852,0
5853,1
5854,1
5855,1
5856,1
5857,1
5858,1
5859,0
5860,1
5861,1
5862,0
5863,1
5864,1
5865,0
5866,1
5867,1
5868,1
5869,1
5870,1
5871,1
5872,1
5873,1
5874,0
5875,0
5876,0
5877,1
5878,1
5879,1
5880,1
5881,0
5882,0
5883,1
5884,0
5885,1
5886,0
5887,0
5888,0
5889,0
5890,0
5891,1
5892,1
5893,1
5894,1
5895,1
5896,0
5897,0
5898,1
5899,1
5900,0
5901,1
5902,1
5903,1
5904,1
5905,1
5906,0
5907,0
5908,0
5909,0
5910,1
5911,1
5912,1
5913,0
5914,1
5915,1
5916,0
5917,1
5918,1
5919,0
5920,0
5921,1
5922,1
5923,1
5924,0
5925,0
5926,0
5927,1
5928,1
5929,1
5930,1
5931,0
5932,1
5933,1
5934,0
5935,1
5936,1
5937,1
5938,1
5939,0
5940,1
5941,1
5942,1
5943,1
5944,1
5945,0
5946,1
5947,1
5948,0
5949,0
5950,1
5951,0
5952,1
5953,0
5954,1
5955,0
5956,0
5957,1
5958,1
5959,1
5960,0
5961,1
5962,1
5963,0
5964,1
5965,1
5966,0
5967,0
5968,1
5969,1
5970,0
5971,1
5972,1
5973,0
5974,0
5975,1
5976,0
5977,1
5978,0
5979,0
5980,1
5981,0
5982,1
5983,1
5984,1
5985,1
5986,0
5987,0
5988,1
5989,1
5990,1
5991,1
5992,0
5993,1
5994,1
5995,1
5996,0
5997,0
5998,1
5999,0
6000,1
6001,0
6002,0
6003,1
6004,1
6005,1
6006,0
6007,1
6008,1
6009,1
6010,1
6011,0
6012,1
6013,1
6014,1
6015,1
6016,0
6017,0
6018,0
6019,1
6020,1
6021,0
6022,1
6023,0
6024,1
6025,1
6026,1
6027,0
6028,0
6029,0
6030,1
6031,1
6032,0
6033,0
6034,0
6035,1
6036,1
6037,1
6038,0
6039,1
6040,1
6041,1
6042,1
6043,1
6044,0
6045,0
6046,1
6047,1
6048,0
6049,1
6050,0
6051,0
6052,1
6053,1
6054,0
6055,1
6056,0
6057,1
6058,1
6059,0
6060,1
6061,0
6062,1
6063,1
6064,1
6065,1
6066,1
6067,1
6068,0
6069,0
6070,1
6071,1
6072,1
6073,1
6074,1
6075,0
6076,0
6077,1
6078,1
6079,1
6080,0
6081,0
6082,0
6083,1
6084,1
6085,0
6086,0
6087,1
6088,1
6089,1
6090,0
6091,1
6092,1
6093,1
6094,1
6095,0
6096,0
6097,0
6098,1
6099,0
6100,0
6101,0
6102,1
6103,0
6104,1
6105,1
6106,1
6107,0
6108,0
6109,1
6110,1
6111,0
6112,1
6113,1
6114,1
6115,0
6116,0
6117,0
6118,0
6119,1
6120,0
6121,1
6122,1
6123,0
6124,1
6125,1
6126,1
6127,1
6128,0
6129,1
6130,1
6131,1
6132,0
6133,1
6134,1
6135,0
6136,1
6137,0
6138,0
6139,0
6140,0
6141,1
6142,1
6143,0
6144,0
6145,0
6146,0
6147,1
6148,0
6149,1
6150,1
6151,1
6152,1
6153,1
6154,0
6155,0
6156,0
6157,0
6158,1
6159,0
6160,1
6161,1
6162,0
6163,0
6164,1
6165,1
6166,0
6167,0
6168,1
6169,1
6170,0
6171,1
6172,0
6173,1
6174,0
6175,1
6176,1
6177,0
6178,0
6179,1
6180,1
6181,1
6182,1
6183,1
6184,1
6185,0
6186,0
6187,1
6188,0
6189,0
6190,0
6191,0
6192,1
6193,1
6194,0
6195,1
6196,1
6197,0
6198,1
6199,1
6200,1
6201,0
6202,0
6203,1
6204,1
6205,1
6206,0
6207,0
6208,1
6209,0
6210,0
6211,1
6212,1
6213,1
6214,0
6215,0
6216,0
6217,1
6218,0
6219,0
6220,1
6221,1
6222,1
6223,0
6224,0
6225,0
6226,1
6227,0
6228,0
6229,1
6230,1
6231,1
6232,1
6233,1
6234,0
6235,0
6236,1
6237,1
6238,1
6239,1
6240,0
6241,0
6242,0
6243,0
6244,0
6245,0
6246,0
6247,0
6248,0
6249,1
6250,0
6251,1
6252,0
6253,1
6254,0
6255,0
6256,1
6257,1
6258,1
6259,0
6260,1
6261,1
6262,0
6263,1
6264,1
6265,1
6266,1
6267,1
6268,1
6269,0
6270,1
6271,0
6272,0
6273,1
6274,0
6275,1
6276,1
6277,0
6278,1
6279,0
6280,1
6281,0
6282,0
6283,0
6284,1
6285,1
6286,0
6287,1
6288,1
6289,0
6290,0
6291,1
6292,0
6293,1
6294,1
6295,0
6296,0
6297,1
6298,1
6299,0
6300,0
6301,1
6302,1
6303,0
6304,0
6305,1
6306,0
6307,1
6308,1
6309,0
6310,1
6311,0
6312,0
6313,1
6314,0
6315,1
6316,0
6317,1
6318,0
6319,0
6320,1
6321,0
6322,0
6323,1
6324,0
6325,0
6326,0
6327,1
6328,0
6329,0
6330,0
6331,0
6332,1
6333,1
6334,1
6335,0
6336,0
6337,0
6338,1
6339,1
6340,0
6341,0
6342,1
6343,1
6344,1
6345,0
6346,0
6347,1
6348,0
6349,1
6350,1
6351,1
6352,0
6353,1
6354,0
6355,1
6356,1
6357,0
6358,0
6359,0
6360,1
6361,0
6362,0
6363,1
6364,1
6365,0
6366,1
6367,1
6368,1
6369,0
6370,1
6371,0
6372,0
6373,0
6374,1
6375,0
6376,1
6377,1
6378,1
6379,1
6380,0
6381,0
6382,0
6383,1
6384,1
6385,1
6386,0
6387,0
6388,1
6389,1
6390,1
6391,0
6392,1
6393,0
6394,1
6395,1
6396,1
6397,0
6398,0
6399,1
6400,0
6401,1
6402,1
6403,0
6404,1
6405,1
6406,1
6407,1
6408,0
6409,1
6410,0
6411,1
6412,0
6413,0
6414,1
6415,0
6416,1
6417,1
6418,0
6419,0
6420,1
6421,0
6422,1
6423,0
6424,1
6425,1
6426,1
6427,0
6428,0
6429,1
6430,0
6431,1
6432,1
6433,0
6434,0
6435,0
6436,1
6437,1
6438,0
6439,0
6440,1
6441,0
6442,0
6443,0
6444,1
6445,1
6446,1
6447,1
6448,1
6449,0
6450,1
6451,1
6452,0
6453,1
6454,1
6455,1
6456,1
6457,0
6458,1
6459,0
6460,1
6461,0
6462,1
6463,0
6464,0
6465,0
6466,1
6467,0
6468,0
6469,0
6470,0
6471,1
6472,0
6473,1
6474,0
6475,0
6476,0
6477,0
6478,0
6479,1
6480,1
6481,0
6482,0
6483,1
6484,0
6485,1
6486,0
6487,0
6488,1
6489,0
6490,0
6491,0
6492,0
6493,1
6494,1
6495,1
6496,0
6497,0
6498,0
6499,1
6500,1
6501,0
6502,1
6503,0
6504,0
6505,0
6506,1
6507,0
6508,0
6509,0
6510,0
6511,0
6512,0
6513,0
6514,1
6515,1
6516,0
6517,1
6518,1
6519,1
6520,1
6521,0
6522,0
6523,1
6524,0
6525,0
6526,0
6527,0
6528,0
6529,0
6530,0
6531,0
6532,1
6533,0
6534,0
6535,1
6536,0
6537,1
6538,1
6539,0
6540,1
6541,1
6542,1
6543,0
6544,1
6545,0
6546,0
6547,1
6548,0
6549,0
6550,0
6551,0
6552,1
6553,0
6554,1
6555,1
6556,0
6557,1
6558,0
6559,1
6560,0
6561,0
6562,1
6563,1
6564,0
6565,0
6566,1
6567,1
6568,1
6569,1
6570,0
6571,1
6572,0
6573,1
6574,0
6575,1
6576,1
6577,1
6578,0
6579,0
6580,1
6581,1
6582,1
6583,1
6584,1
6585,1
6586,1
6587,0
6588,1
6589,0
6590,1
6591,0
6592,1
6593,1
6594,1
6595,1
6596,0
6597,1
6598,1
6599,1
6600,1
6601,1
6602,1
6603,0
6604,1
6605,0
6606,1
6607,1
6608,1
6609,0
6610,1
6611,0
6612,1
6613,1
6614,1
6615,1
6616,1
6617,1
6618,1
6619,1
6620,1
6621,1
6622,0
6623,0
6624,1
6625,1
6626,0
6627,1
6628,1
6629,1
6630,1
6631,0
6632,1
6633,0
6634,0
6635,1
6636,1
6637,1
6638,1
6639,1
6640,1
6641,1
6642,0
6643,0
6644,0
6645,0
6646,1
6647,0
6648,0
6649,0
6650,0
6651,1
6652,0
6653,0
6654,1
6655,1
6656,0
6657,0
6658,1
6659,0
6660,0
6661,1
6662,1
6663,0
6664,0
6665,0
6666,1
6667,0
6668,0
6669,0
6670,0
6671,0
6672,1
6673,1
6674,0
6675,1
6676,0
6677,1
6678,1
6679,1
6680,0
6681,1
6682,1
6683,0
6684,0
6685,0
6686,0
6687,0
6688,0
6689,0
6690,0
6691,1
6692,1
6693,1
6694,1
6695,1
6696,1
6697,0
6698,0
6699,0
6700,1
6701,1
6702,0
6703,1
6704,0
6705,0
6706,1
6707,1
6708,0
6709,0
6710,0
6711,0
6712,1
6713,0
6714,0
6715,1
6716,0
6717,0
6718,1
6719,0
6720,0
6721,0
6722,0
6723,0
6724,0
6725,1
6726,0
6727,0
6728,0
6729,1
6730,0
6731,1
6732,0
6733,1
6734,1
6735,1
6736,1
6737,0
6738,1
6739,1
6740,0
6741,0
6742,0
6743,1
6744,1
6745,0
6746,0
6747,0
6748,1
6749,0
6750,0
6751,0
6752,0
6753,0
6754,1
6755,1
6756,1
6757,1
6758,1
6759,1
6760,1
6761,0
6762,0
6763,0
6764,0
6765,1
6766,1
6767,0
6768,1
6769,1
6770,0
6771,0
6772,0
6773,1
6774,1
6775,0
6776,1
6777,1
6778,1
6779,1
6780,1
6781,1
6782,1
6783,1
6784,0
6785,1
6786,1
6787,1
6788,1
6789,0
6790,1
6791,1
6792,0
6793,1
6794,1
6795,1
6796,0
6797,1
6798,1
6799,1
6800,1
6801,1
6802,0
6803,1
6804,0
6805,0
6806,1
6807,1
6808,0
6809,0
6810,1
6811,0
6812,1
6813,0
6814,0
6815,0
6816,1
6817,0
6818,0
6819,0
6820,0
6821,1
6822,1
6823,0
6824,0
6825,0
6826,1
6827,0
6828,1
6829,1
6830,1
6831,0
6832,1
6833,1
6834,1
6835,0
6836,0
6837,0
6838,1
6839,0
6840,0
6841,0
6842,1
6843,0
6844,1
6845,0
6846,0
6847,1
6848,0
6849,0
6850,0
6851,1
6852,1
6853,0
6854,1
6855,0
6856,0
6857,1
6858,1
6859,1
6860,0
6861,1
6862,1
6863,1
6864,0
6865,0
6866,0
6867,0
6868,0
6869,1
6870,1
6871,1
6872,1
6873,1
6874,1
6875,0
6876,0
6877,0
6878,0
6879,0
6880,1
6881,0
6882,0
6883,0
6884,1
6885,1
6886,0
6887,1
6888,1
6889,0
6890,1
6891,1
6892,1
6893,1
6894,1
6895,1
6896,1
6897,1
6898,0
6899,1
6900,0
6901,0
6902,1
6903,1
6904,1
6905,0
6906,0
6907,1
6908,0
6909,0
6910,1
6911,0
6912,1
6913,1
6914,1
6915,0
6916,1
6917,0
6918,1
6919,0
6920,0
6921,1
6922,0
6923,0
6924,1
6925,0
6926,1
6927,1
6928,1
6929,1
6930,0
6931,1
6932,0
6933,0
6934,1
6935,1
6936,0
6937,1
6938,0
6939,1
6940,0
6941,0
6942,0
6943,1
6944,0
6945,0
6946,1
6947,1
6948,0
6949,0
6950,1
6951,1
6952,0
6953,1
6954,0
6955,0
6956,1
6957,0
6958,0
6959,0
6960,0
6961,1
6962,0
6963,0
6964,0
6965,1
6966,0
6967,1
6968,1
6969,0
6970,0
6971,0
6972,1
6973,0
6974,0
6975,1
6976,1
6977,1
6978,0
6979,1
6980,0
6981,1
6982,1
6983,1
6984,0
6985,0
6986,0
6987,1
6988,0
6989,1
6990,1
6991,1
6992,1
6993,1
6994,1
6995,0
6996,1
6997,1
6998,0
6999,0
7000,0
7001,1
7002,0
7003,1
7004,0
7005,1
7006,1
7007,1
7008,1
7009,1
7010,0
7011,0
7012,0
7013,1
7014,1
7015,0
7016,1
7017,0
7018,1
7019,0
7020,0
7021,0
7022,0
7023,1
7024,0
7025,1
7026,1
7027,1
7028,1
7029,0
7030,1
7031,0
7032,0
7033,1
7034,1
7035,1
7036,1
7037,1
7038,1
7039,0
7040,1
7041,1
7042,0
7043,0
7044,1
7045,1
7046,0
7047,1
7048,0
7049,1
7050,1
7051,0
7052,1
7053,0
7054,0
7055,1
7056,0
7057,0
7058,1
7059,1
7060,0
7061,1
7062,0
7063,0
7064,1
7065,1
7066,1
7067,0
7068,0
7069,0
7070,1
7071,1
7072,1
7073,1
7074,0
7075,1
7076,1
7077,1
7078,0
7079,0
7080,0
7081,1
7082,1
7083,0
7084,0
7085,1
7086,1
7087,1
7088,1
7089,0
7090,1
7091,0
7092,1
7093,0
7094,0
7095,1
7096,0
7097,0
7098,1
7099,1
7100,0
7101,1
7102,1
7103,0
7104,1
7105,0
7106,1
7107,0
7108,1
7109,1
7110,1
7111,0
7112,0
7113,1
7114,0
7115,1
7116,0
7117,1
7118,1
7119,1
7120,0
7121,1
7122,0
7123,0
7124,0
7125,1
7126,1
7127,1
7128,1
7129,0
7130,1
7131,0
7132,0
7133,0
7134,1
7135,1
7136,1
7137,1
7138,1
7139,1
7140,1
7141,0
7142,0
7143,1
7144,1
7145,0
7146,0
7147,1
7148,1
7149,1
7150,1
7151,0
7152,1
7153,1
7154,0
7155,0
7156,0
7157,1
7158,1
7159,1
7160,0
7161,1
7162,1
7163,0
7164,1
7165,0
7166,0
7167,0
7168,1
7169,1
7170,0
7171,0
7172,1
7173,1
7174,0
7175,0
7176,1
7177,1
7178,1
7179,0
7180,1
7181,0
7182,0
7183,0
7184,0
7185,0
7186,0
7187,0
7188,1
7189,1
7190,1
7191,0
7192,1
7193,1
7194,0
7195,1
7196,0
7197,1
7198,1
7199,0
7200,1
7201,0
7202,0
7203,1
7204,1
7205,0
7206,0
7207,1
7208,1
7209,0
7210,1
7211,1
7212,1
7213,1
7214,1
7215,1
7216,1
7217,1
7218,0
7219,1
7220,1
7221,1
7222,1
7223,0
7224,1
7225,0
7226,1
7227,0
7228,0
7229,1
7230,0
7231,1
7232,1
7233,0
7234,0
7235,0
7236,1
7237,1
7238,0
7239,1
7240,0
7241,0
7242,0
7243,1
7244,1
7245,0
7246,1
7247,1
7248,1
7249,0
7250,0
7251,1
7252,0
7253,0
7254,1
7255,1
7256,0
7257,0
7258,1
7259,1
7260,0
7261,1
7262,0
7263,0
7264,0
7265,1
7266,0
7267,1
7268,0
7269,0
7270,1
7271,0
7272,1
7273,0
7274,0
7275,0
7276,0
7277,0
7278,0
7279,1
7280,0
7281,1
7282,1
7283,1
7284,0
7285,0
7286,0
7287,1
7288,0
7289,0
7290,1
7291,0
7292,1
7293,1
7294,0
7295,0
7296,1
7297,1
7298,1
7299,1
7300,1
7301,1
7302,0
7303,0
7304,1
7305,0
7306,0
7307,0
7308,1
7309,0
7310,0
7311,1
7312,0
7313,1
7314,0
7315,1
7316,0
7317,1
7318,0
7319,1
7320,0
7321,1
7322,0
7323,0
7324,1
7325,1
7326,0
7327,1
7328,1
7329,0
7330,1
7331,1
7332,1
7333,1
7334,1
7335,1
7336,1
7337,0
7338,0
7339,0
7340,0
7341,1
7342,0
7343,1
7344,0
7345,1
7346,1
7347,1
7348,1
7349,0
7350,1
7351,1
7352,1
7353,1
7354,1
7355,1
7356,0
7357,0
7358,1
7359,1
7360,0
7361,0
7362,1
7363,1
7364,1
7365,1
7366,1
7367,1
7368,1
7369,1
7370,0
7371,0
7372,0
7373,1
7374,1
7375,1
7376,0
7377,0
7378,0
7379,0
7380,0
7381,1
7382,1
7383,0
7384,0
7385,0
7386,1
7387,0
7388,1
7389,0
7390,1
7391,0
7392,1
7393,0
7394,0
7395,0
7396,1
7397,1
7398,1
7399,1
7400,1
7401,1
7402,1
7403,0
7404,0
7405,1
7406,1
7407,0
7408,1
7409,1
7410,0
7411,1
7412,0
7413,0
7414,1
7415,1
7416,0
7417,0
7418,0
7419,1
7420,0
7421,0
7422,1
7423,1
7424,1
7425,1
7426,0
7427,1
7428,1
7429,1
7430,1
7431,1
7432,0
7433,1
7434,1
7435,1
7436,0
7437,0
7438,0
7439,1
7440,0
7441,1
7442,1
7443,1
7444,0
7445,0
7446,1
7447,0
7448,0
7449,1
7450,0
7451,1
7452,0
7453,1
7454,1
7455,1
7456,1
7457,0
7458,1
7459,0
7460,0
7461,0
7462,0
7463,1
7464,1
7465,0
7466,0
7467,0
7468,1
7469,1
7470,1
7471,1
7472,1
7473,1
7474,0
7475,0
7476,1
7477,1
7478,1
7479,1
7480,1
7481,1
7482,0
7483,0
7484,0
7485,1
7486,1
7487,1
7488,1
7489,1
7490,0
7491,1
7492,0
7493,0
7494,0
7495,0
7496,1
7497,1
7498,0
7499,0
